input_text,target_text
woww,wow
aminn,amin
met,selamat
netaas,menetas
keberpa,keberapa
eeeehhhh,eh
kata2nyaaa,kata-katanya
hallo,halo
kaka,kakak
ka,kak
daah,dah
aaaaahhhh,ah
yaa,ya
smga,semoga
slalu,selalu
amiin,amin
kk,kakak
trus,terus
sii,sih
nyenengin,menyenangkan
bgt,banget
gemess,gemas
akuuu,aku
jgn,jangan
udah,sudah
gitu,begitu
aja,saja
gemesiin,menggemaskan
menyenangkn,menyenangkan
rb,ribu
akau,aku
saranin,menyarankan
nemuin,menemukan
yah,ya
mnis2nya,manis-manisnya
gtu,begitu
tu,itu
idolaa,idola
bangett,banget
kaakk,kak
baaiikkk,baik
telaatt,telat
kaak,kak
yg,yang
lg,lagi
skarang,sekarang
sempet,sempat
karna,karena
ngga,enggak
mantep,mantap
loohhh,loh
yeee,ya
baguuuuus,bagus
sampe,sampai
ngikutin,mengikuti
gayany,gayanya
bnk,bang
awaas,awas
siip,sip
abizzzz,habis
kerrrrennnn,keren
sayaa,saya
pengen,ingin
kpan,kapan
sma,sama
sdkit,sedikit
bngt,banget
lgu,lagu
bener2,benar-benar
kharismanya,karismanya
aq,aku
jdi,jadi
lgi,lagi
gk,enggak
kek,kayak
lgunya,lagunya
kereeeeennnn,keren
nyamain,menyamakan
lakik,laki
siippp,sip
bkn,bukan
nyangka,menyangka
bangettt,banget
kereeen,keren
wihhhhhh,wih
tp,tapi
inget,ingat
bingitsss,banget
dmn,dimana
bird,biru
kaloo,kalo
gimna,bagaimana
tuuh,tuh
nyebur,mencebur
yng,yang
dbuat,dibuat
kn,kan
org,orang
pingin,ingin
bangcat,bangsat
yha,ya
waoohhh,wah
pngn,pegen
tmpt,tempat
dhe,deh
indahhh,indah
bgttt,banget
tuhh,tuh
berarto,berarti
ga,enggak
aamiin,amin
amiiinn,amin
dgn,dengan
aminnnn2,amin-amin
amiiiin,amin
aminnn,amin
amiend,amien
yaaa,ya
ameen,amin
aminnnn,amin
amiiinnn,amin
ngomong,mengomong
mamer,memamerkan
keles,kali
jelase,jelas
liat,lihat
uwakk,uwak
ntar,entar
bs,bisa
gini,begini
salfok,salah fokus
njir,anjir
piiink,pink
astgfrullah,astagfirullah
ko,kok
cd,celana dalam
gbs,enggak bisa
bhs,bahasa
yaaaaaa,ya
gak,enggak
bangshad,bangsat
stagahhhh,astaga
kpn,kapan
iooo,lo
dy,dia
d,ada
mslh,masalah
qt,kita
plampiasannn,pelampiasan
masalahh,masalah
tohh,toh
inghinn,ingin
dhi,di
mengherthii,mengerti
yanckh,yang
chelalyyu,selalu
therchakitty,tersakiti
mauuuuu,mau
kaliii,kali
bangat,banget
bkin,bikin
dongg,dong
yokkk,yuk
yu,yuk
sweger,segar
gantengg,ganteng
bingiit,banget
kebukaaa,terbuka
tpi,tapi
keliatan,kelihatan
yakk,ya
kayakk,kayak
asliii,asli
kyk,kayak
cntiknya,cantiknya
bat,banget
ngeliatnya,melihatnya
sll,selalu
bet,banget
njerr,anjir
bingiiittttzzzz,banget
k,kak
klo,kalo
dooong,dong
masi,masih
gni,begini
hdk,hendak
jugaa,juga
mksud,maksud
aj,saja
tetep,tetap
mbakx,mbaknya
syantik,cantik
kite,kita
pa,apa
mksd,maksud
bejilbbnya,berjilbabnya
masio,masih
yahhh,ya
makasih,terima kasih
leh,boleh
ugaaa,juga
jerewi,jerawat
ilang,hilang
jilbabnyaah,jilbabnya
yuuuk,yuk
warnaaa,warna
punyaaa,punya
cantiik,cantik
sukaaak,suka
kebayanyaa,kebayanya
mantes,memantas
merekaaaa,mereka
jugaaa,juga
gilaaaa,gila
tiga2nya,tiga-tiganya
lucuu,lucu
emessss,gemas
ucullllll,lucu
males,malas
bangeettt,banget
gemesshh,gemas
apaaa,apa
ampuunn,ampun
ciuuuummmm,cium
mbil,sambil
ngmng,mengomong
ngemeng,mengomong
epe,apa
seehh,sih
yank,sayang
ucul,lucu
yahh,ya
gw,saya
ngakak,mengakak
astagfirrullah,astagfirullah
suerrr,suer
mnta,minta
syg,sayang
ntik,cantik
pny,punya
dapet,dapat
suru,suruh
lucuuuu,lucu
ketawakkkk,ketawa
kyanya,kayanya
bnget,banget
nakutin,menakutkan
malingg,maling
cocokk,cocok
niihh,nih
imutttttt,imut
satuuuuu,satu
sesekk,sesak
nafass,nafas
bgtt,banget
cintaaaaaaa,cinta
lucuk,lucu
ma,sama
duluu,dulu
megang,memegang
kawinin,mengawini
liatin,memperlihatkan
ny,nya
bdan,badan
nyaaa,nya
gemesin,menggemaskan
fotoin,memfoto
ngaku,mengaku
kaaa,kak
ganteng2,ganteng-ganteng
pcarny,pacarnya
kri,kiri
knpa,kenapa
pda,pada
cmn,cuman
gara2,gara-gara
garuk2,garuk-garuk
tembokk,tembok
namax,namanya
kiriii,kiri
bungkusin,bungkuskan
atu,satu
dehhhh,deh
kakk,kak
ngegantiin,menggantikan
alloh,allah
smpe,sampai
msh,masih
trsa,terasa
khadirannya,kehadirannya
fikiran,pikiran
hayalanku,khayalanku
bru,baru
nton,menonton
ngapain,mengapai
surgaa,surga
kangenn,kangen
kgn,kangen
kakkkkk,kak
rinduuuuuuuuu,rindu
ninggalin,meninggalkan
smg,semoga
terangkhn,terangkan
bgtttt,banget
knp,kenapa
tuk,untuk
slama,selama
orng,orang
bngunlah,bangunlah
bngun,bangun
ea,ya
qu,ku
hiri,hari
"teman""ny,teman-temannya"
aza,saja
dr,dari
alm,almarhum
skrg,sekarang
sie,sih
benet,benar
bangetttt,banget
tuu,tuh
skrang,sekarang
gda,enggak ada
gantiin,menggantikan
kta,kata
kklau,kalau
acra,acara
kasian,kasihan
yaaa ,ya
bnerr,benar
emk,emak
temenn,teman
pngenn,ingin
terkenall,terkenal
ajhh,saja
sungguh2,sungguh-sungguh
mnjadi,menjadi
shbt,sahabat
bner,benar
ktny,katanya
dimusiumin,dimuseumkan
bntu,bantu
dlu,dulu
udh,sudah
kangem,kangen
amiiin,amin
smua,semua
slmt,selamat
jln,jalan
"mudh""an,mudah-mudahan"
tenny,tenang
sdh,sudah
tnya,tanya
blm,belum
td,tadi
sblm,sebelum
bole,boleh
lahhh,lah
maap,maaf
cm,cuma
kmrn,kemarin
wkt,waktu
ama,sama
ak,aku
lht,lihat
biasa2,biasa-biasa
mnrtkuu,menurutku
trs,terus
ikutin,mengikuti
jdwl,jadwal
wajiiib,wajib
aaaammmiiiinnnn,amin
dtnggu,ditunggu
jan,jangan
kunjungin,kunjungi
lagiiii,lagi
waktunyaaa,waktunya
diluangin,diluangkan
jga,juga
mimin,admin
istimewaaa,istimewa
blom,belum
nangis,menangis
"ngaku"",mengaku-ngaku"
diaa,dia
donkk,dong
kejawab,terjawab
yaaaa,ya
seru2an,seru-seruan
mohom,mohon
kebalas,terbalas
nyempetin,menyempatkan
wktunya,waktunya
kaaaa,kak
ngobrol,mengobrol
namain,menamai
bls,balas
ijap,ijab
kobul,kabul
co,cowok
pst,pasti
inggat,ingat
brdua,berdua
masing2,masih
sanggat,sangat
siipp,sip
laa,lah
dlm,dalam
hdup,hidup
hdp,hidup
kedpan,kedepan
smoga,semoga
mndaptkan,mendapatkan
"nutup""in,menutup-nutupi"
iyah,iya
sja,saja
kakkk,kak
za,saja
mulut2,mulut-mulut
peengn,ingin
tuch,tuh
muantteepp,mantap
cpt,cepat
mrit,merit
y,ya
ngapasih,mengapa sih
ni,ini
segitunya,sebegitunya
fto,foto
pke,pakai
sisain,menyisakan
slamt,selamat
nantiii,nanti
edaaan,edan
emg,memang
tunggu2,tunggu-tunggu
sehat2,sehat-sehat
ciyeeeeeee,cie
pantes,pantas
lairannya,kelahirannya
jmnya,jamnya
ajha,saja
nyaaaa,nya
nyari,mencari
amiien,amien
terbaikkk,terbaik
ayahh,ayah
ae,saja
ndak,tidak
ngerti,mengerti
mrekaaaa,mereka
yaampuuuunnnn,ya ampun
nyanyiin,menyanyikan
ahhh,ah
pgen,ingin
tempt,tempat
kh,kah
bgini,begini
brani,berani
km,kamu
jalan2,jalan-jalan
asyikkkkk,asyik
iriiiii,iri
ngajak,mengajak
naaaaahh,nah
kka,kakak
yak,ya
ttep,tetap
sperti,seperti
jrang,jarang
msuk,masuk
gossip2.an,gosip-gosipan
makkk,mak
guee,saya
pengennn,ingin
gilzz,gila
nyaru,menyaru
gilaaa,gila
jd,jadi
kebarat2an,kebarat-baratan
ohh,oh
mantabs,mantab
jgan,jangan
mlu,malu
payahh,payah
ntaf,mantap
beneran,benaran
"mudah""n,mudah-mudahan"
gada,enggak ada
milikin,memiliki
kamo,kamu
inih,ini
sukaaaa,suka
sukaaaaaa,suka
kirain,mengira
mehoonggggg,mahal
apikkkk,apik
yach,ya
kereenn,keren
ginii,begini
ayoook,ayo
yoiii,yoi
gituuu,begitu
iyaaa,iya
pgn,ingin
liptsk,lipstik
nyeplak,menjiplak
cw,cewek
kmarin,kemarin
mengncang,mengencang
tauu,tau
ksh,kasih
skrng,sekarang
mksh,terima kasih
ank,anak
skitar,sekitar
ktmu,ketemu
tmen,teman
ats,atas
donk,dong
heii,hai
diputusin,diputuskan
pcrnya,pacarnya
mnjual,menjual
ngadain,mengadakan
kkak,kakak
rekomendasiin,merekomendasikan
sihhh,sih
cooocok,cocok
mrip,mirip
mama.nyy,mamanya
bosenin,membosankan
kmu,kamu
bukn,bukan
sey,sih
cantikkk,cantik
banger,banget
kaa,kak
eakyu,waktu
cntik,cantik
kakanya,kakaknya
doeloe,dulu
cantikkkk,cantik
bngtt,banget
iyak,iya
malh,malah
mlah,malah
ngak,enggak
laki2,laki-laki
gag,enggak
fhotonya,fotonya
bleh,boleh
brp,berapa
tnggl,tanggal
tanteny,tantenya
ky,kaya
sklinyaa,sekalinya
ayoo,ayo
w,saya
dramaa,drama
niiih,nih
bisaa,bisa
lha,lah
dunk,dong
lihaat,lihat
yuwkkk,yuk
nnti,nanti
editannn,editan
mw,mau
thu,tuh
mai,mau
kamuu,kamu
pastii,pasti
bisaaa,bisa
kejuu,keju
kereen,keren
nama.a,namanya
kmauan,kemauan
ahhhh,ah
yuuuuk,yuk
dmana,dimana
disiniii,disini
cobaa,coba
bayangin,bayangkan
yaudh,ya sudah
dl,dulu
ajaaa,saja
tuhhh,tuh
amploppp,amplop
mo,mau
sayangg'',sayang-sayang
nantii,nanti
aminnnnn,amin
gakuat,enggak kuat
yukkkk,yuk
nged,banget
nantik,nanti
ksitu,kesitu
bangeett,banget
liad,lihat
kluarga,keluarga
biasahhh,biasa
tutorialx,tutorialnya
dpke,dipakai
fhoto,foto
kerenn,keren
binggo,banget
rekomndd,rekomendasi
bli2n,beli-belikan
bwt,buat
wado,waduh
guaa,gua
yaakkk,ya
bangetttttyt,banget
bangettttt,banget
bangg,bang
kangeeeeeeeeennnnnnnn,kangen
kaliannnnnn,kalian
rinduuuuuuuuuu,rindu
kangennnnnmnnnnnnnnnnnnnnnnn,kangen
kaliannnnnm,kalian
kangeeeeeeeeeeennnnn,kangen
kangennnnnnnnnnnnnnnn,kangen
kangennn,kangen
kaliannnnnnn,kalian
th2,tahun-tahun
smpt,sempat
blg,bilang
trserah,terserah
ad,ada
cwo,cowok
prnah,pernah
wlwpun,walaupun
trpsah,terpisah
klw,kalau
mmg,memang
prsatukn,persatukan
g,enggak
slh,salah
ngomng,mengomong
mdh2an,mudah-mudahan
sm,sama
skedar,sekadar
kangeeerrn,kangen
pulak,pula
terrrrbaik,terbaik
jorookknya,joroknya
ihhhhh,ih
padahall,padahal
jorokkkk,jorok
mualll,mual
klow,kalau
muke,muka
ajh,saja
taiiii,tahi
seneeeeeng,senang
nyesel,menyesal
besarin,membesarkan
tanyang,tayang
ber2,berdua
jngan,jangan
ngelarang,melarang
kerreeen,keren
pantess,pantas
bngettt,banget
baperr,bawa perasaan
sudh,sudah
sbr,sabar
pngen,ingin
nntn,menonton
ht,hati
pemainy,pemainnya
jg,juga
aqu,aku
ngeliat,melihat
baper,bawa perasaan
akn,akan
nyampe,sampai
kbawa,terbawa
bradegan,beradegan
amiiinnnn,amin
mlm,malam
nikahin,menikahi
hadeuh,aduh
nyambung,menyambung
liyat,lihat
krn,karena
sk,suka
adengan,adegan
engga,enggak
bingit,banget
dapetin,mendapati
model2,model-model
sitayngin,ditayangkan
cocokkk,cocok
mahhhh,mah
cocokny,cocoknya
iniw,ini
q,ku
setju,setuju
bnern,benaran
pcrn,pacaran
pcr,pacar
klian,kalian
cocokkkk,cocok
bngett,banget
abes,habis
br,baru
mksdny,maksudnya
brpa,berapa
ihh,ih
kesampean,kesampaian
beginiiii,begini
ntr,entar
beliin,membelikan
kya,kaya
keq,kek
ngerasa,merasa
sygkuu,sayangku
ngeselin,mengesalkan
baju'a,bajunya
gara'',gara-gara
teruss,terus
pokok'a,pokoknya
bg,bang
ubur2,ubur-ubur
kuyy,yuk
bentarr,bentar
dureen,duren
ajibb,ajib
mahall,mahal
yukk,yuk
niiihh,nih
imuuttt,imut
imuttzz,imut
nha,nya
konten2,konten-konten
rasain,rasai
daaaah,deh
asliiii,asli
cantiknnnnyaaaaaaa,cantiknya
yuuk,yuk
ngelihatnya,melihatnya
bdn,badan
na,nya
ibu2,ibu-ibu
lau,kau
cantikk,cantik
sexxi,seksi
bulet,bulat
ituu,itu
ngocok,mengocok
nyoba,mencoba
gn,begini
yaahhh,ya
kencqng,kencang
kra,kira
diginikan,dibeginikan
"coret"",coret-coret"
lahh,lah
gambarin,gambarkan
ngerii,ngeri
digambarin,digambarkan
klen,kalian
bangke,bangkai
kog,kok
liatnya,lihatnya
bedanyaaa,bedanya
negri,negeri
mbk,mbak
pgin,ingin
krudungan,kerudungan
ajaa,saja
maksutku,maksudku
kerennnnn,keren
njirr,anjir
jd'y,jadinya
manisnyaaaa,manisnya
thun,tahun
mbg,mbak
bangeet,banget
ngaco,mengaco
ngomen,mengomentari
kaaakk,kak
gituh,begitu
tenggah,tengah
uuuuuaaaaaaaaaappppppppppiiiiiiiiiiiiiiiiiikkkkkkkkkkkkkkkk,apik
kocakkkkkkkkkkkkkk,kocak
ksukaanmuuu,kesukaanmu
bagiii,bagi
ayooo,ayo
nontonx,menontonnya
dpn,depan
pi,tapi
penasarannnn,penasaran
gilakkkkkk,gila
mauuu,mau
nontoonnn,menonton
cepet2,cepat-cepat
kepingin,ingin
nontonnnn,menonton
deeek,dek
ntappp,mantap
deg2an,deg-degan
cyiiin,cinta
iyha,iya
kureeeen,keren
muantaap,mantap
pake,pakai
ngantri,mengantri
bli,beli
nraktir,mentraktir
nonton,menonton
sbnyak,sebanyak
penasaraaann,penasaran
ayoooo,ayo
nii,ini
nontonya,menontonnya
kl,kalau
nunggu,menunggu
dpt,dapat
qta,kita
peen,ingin
lw,lu
gga,enggak
yaah,ya
asikkk,asik
gilak,gila
mcm,macam
ceritax,ceritanya
yoooiii,yoi
kuy,yuk
udahh,sudah
tauuuuu,tau
sabarrrrr,sabar
kqmu,kamu
banggain,banggakan
thn,tahun
pengan,ingin
sendeng,senang
simpen,simpan
gakk,enggak
bagiin,bagikan
nanggepin,menanggapi
kapn,kapan
barang2,barang-barang
kirimin,mengirimi
senengin,senangi
ngasih,mengasih
ampunnnn,ampun
bln,bulan
senengg,senang
teruzzz,terus
mantabb,mantab
sumpahh,sumpah
diluarann,diluaran
trbaik,terbaik
dlam,dalam
anjirrrr,anjir
jendess,janda
dh,deh
sichh,sih
namnya,namanya
geh,gih
nggak,enggak
22nya,dua-duanya
aduuhhh,aduh
miripp,mirip
silauuu,silau
waww,wow
uga,juga
njiirr,anjir
bgs,bagus
kesinii,kesini
gemay,gemas
dstu,disitu
wiiiihhhh,wih
samoga,semoga
kereennn,keren
wahh,wah
nyangkaa,menyangka
hasilnyaaa,hasilnya
dahhhh,dah
mudah2,mudah-mudah
jugaakk,juga
prnh,pernah
diapa2in,diapa-apai
yaak,ya
lhoo,loh
donx,dong
gthu,begitu
nda,tidak
maauuu,mau
pacarrr,pacar
idamann,idaman
naturalllll,natural
bnyak,banyak
berntung,beruntung
merka,mereka
jln2,jalan-jalan
romntis,romantis
slamat,selamat
ulan,ulang
th,tahun
mngkin,mungkin
klau,kalau
diksi,dikasih
sipp,sip
taun,tahun
jugak,juga
nungguin,menunggu
ngeluarin,mengeluarkan
keciill,kecil
ughaa,juga
"tante"",tante-tante"
banged,banget
abeees,habis
kapan2,kapan-kapan
adain,mengadakan
bsa,bisa
bosen2,bosan-bosan
sempurnaaaaa,sempurna
kaan,kan
kece2,kece-kece
badaaiii,badai
beneraan,benaran
cantiiik,cantik
kuatttt,kuat
cantiiiiiiik,cantik
cantiknyaaa,cantiknya
bae2,baik-baik
bgd,banget
mb,mbak
catiiiiik,cantik
subahanallah,subhanallah
jaman2nya,jaman-jamannya
padet,padat
buktiin,buktikan
cantiq,cantik
"pasien""nya,pasien-pasiennya"
lohh,loh
utk,untuk
keeeerrrreeeennnnnnnnn,keren
woow,wow
choker2,choker-choker
hadirrr,hadir
hadirr,hadir
jelashh,jelas
sekali2,sekali-kali
mbaaa,mbak
temen,teman
hidupppp,hidup
nyebelin,menyebalkan
diliatnya,dilihatnya
abis2,habis-habis
gpp,enggak apa-apa
para2,parah-parah
bangeeet,banget
allahhhhhhh,allah
gemesnya,gemasnya
ilang2,hilang-hilang
kmi,kami
ngilangin,menghilangkan
tbuh,tubuh
itungan,hitungan
ledekin,ledeki
tmn2,teman-teman
repot2,repot-repot
oles2,oles-oles
ckup,cukup
dptkan,dapatkan
artis2,artis-artis
kalii,kali
ninggiin,meninggikan
baget,banget
dri,dari
kira2,kira-kira
lgsg,langsung
ngk,enggak
ahh,ah
pas2an,pas-pasan
balesin,membalas
gausah,enggak usah
sukaaa,suka
lutuna,lucunya
ciapa,siapa
gemesss,gemas
duhh,duh
terharuuu,terharu
alamii,alami
sampek,sampai
ckrng,sekarang
ngegemesin,menggemaskan
imoet,imut
imut2,imut-imut
jagain,jaga
yahbh,ya
msih,masih
macem2,macam-macam
neko2,neko-neko
sktika,seketika
lutu,lucu
wowwww,wow
massss,mas
kesiniii,kesini
"keren"",keren-keren"
"jalan""nya,jalan-jalannya"
masyaallahhh,masyaallah
kerennn,keren
ksni,kesini
begok,bego
bkan,bukan
jgk,juga
bawak,bawa
it,itu
nti,nanti
pgi,pagi
keeeeeren,keren
baguusss,bagus
mna,mana
nahannnn,tahan
bagaatt,banget
gayannxa,gayanya
kereeeen,keren
uda,sudah
ngekeh,kekeh
xlian,kalian
b3,bertiga
ihhh,ih
lcu,lucu
pait,pahit
koplakkk,koplak
kerass,keras
yachhh,ya
gokil,gila
ngelihat,melihat
ngelawak,melawak
iiihhhhh,ih
nyolotinnnn,menyolot
beratttttttt,berat
cantiikkkk,cantik
hijaabbb,hijab
sekalii,sekali
smnagatin,menyemangati
pakek,pakai
kanapa,kenapa
cans,cantik
banhet,banget
bgttttttt,banget
blng,bilang
mngasi,mengasih
kmbang,kembang
pg,pagi
nie,ini
pla,pula
kw,kau
blakon,berlakon
sy,saya
nmpk,nampak
bngtzt,banget
lucukkkkk,lucu
sbelah,sebelah
baek,baik
ciusss,serius
palinf,paling
fav,favorit
maak,mak
ngakaaaakkk,mengakak
gokill,gila
kocakkkkkk,kocak
ngekek,mengekek
capee,cape
pegangin,memegang
nyender,menyandar
bener,benar
manjain,memanjakan
peleotin,meleot
bng,bang
termurahhhh,termurah
nyatakan,menyatakan
graaatiiiis,gratis
meriahh,meriah
cantikkkm,cantik
parahh,parah
bingits,banget
yuppss,ya
nyindir,menyindir
onoh,sono
bnyk,banyak
anakny,anaknya
staf2nya,staf-stafnya
begete,banget
aduhh,aduh
manteppp,mantap
hati2,hati-hati
jangan2,jangan-jangan
kata2nya,kata-katanya
ynk,sayang
"nangis"",menangis-nangis"
"hati"",hati-hati"
"jangan"",jangan-jangan"
emank,memang
cr,cara
diemin,diamkan
hancurin,menghancurkan
ckp,cukup
mgkn,mungkin
ato,atau
diapain,diapakan
ms,masih
haragain,menghargai
cb,coba
nyakitin,menyakiti
jgn2,jangan-jangan
sbaiknya,sebaiknya
mngerti,mengerti
blajar,belajar
fakta2,fakta-fakta
spt,seperti
mnding,mending
nilai2,nilai-nilai
buka2,buka-buka
nyinyirin,nyinyir
pdhl,padahal
pd,pada
nyerang,menyerang
hrs,harus
mrk,mereka
trima,terima
ngomomg,mengomong
mang,memang
kbetulan,kebetulan
orgtuanya,orang tuanya
sbelum,sebelum
ngamatin,mengamati
ngintip,mengintip
stelah,setelah
sndiri,sendiri
ngintilin,mengintil
smnjak,semenjak
trbukti,terbukti
nyambet,menyambat
msk,masuk
krmh,ke rumah
rmh,rumah
bo'ong,bohong
eloo,kamu
apa2nya,apa-apanya
goblokkk,goblok
sesatt,sesat
ibliss,iblis
elo,kamu
kbiasaan,kebiasaan
hdpnya,hidupnya
lbh,lebih
byk,banyak
anknya,anaknya
tdr,tidur
sbuah,sebuah
anak2nya,anak-anaknya
tdnya,tadinya
ank2nya,anak-anaknya
milih,memilih
branjak,beranjak
ank2,anak-anak
masyarakay,masyarakat
mudah2an,mudah-mudahan
menegerti,mengerti
apa2,apa-apa
sok2,sok-sok
nasehatin,menasihati
ngaca,mengaca
ajah,saja
kakkkk,kak
slamet,selamat
ampe,sampai
nari,menari
ehh,eh
mf,maaf
ngcpin,mengucapkan
woowwww,wow
iaa,ya
kdg,kadang
kebagi,terbagi
nerusin,meneruskan
indo,indonesia
univ,universitas
maen,main
wihh,wih
tetapppp,tetap
gantenggg,ganteng
jakety,jaketnya
nggk,enggak
skli,sekali
kli,kali
ttp,tetap
pala,kepala
pusingggg,pusing
pucing,pusing
ihhhh,ih
maho,manusia homo
gantng,ganteng
alak,kepala
hilangv,hilang
bungggg,bung
gapap,enggak apa-apa
kyak,kayak
pling,paling
gokiiill,gila
busedh,buset
gokilnya,gilanya
duluuu,dulu
keceee,kece
nyaa,nya
klu,kalau
gilaa,gila
duuhhh,duh
amiiiiinnnnn,amin
dg,dengan
tullus,tulus
tw,tau
pluk,peluk
durhaka2,durhaka-durhaka
kpada,kepada
"seburuk"",seburuk-buruk"
ortu,orang tua
ktaa,kita
yup,ya
tdk,tidak
tetaplaah,tetaplah
ajja,saja
dech,deh
oprasi,operasi
gya,gaya
kndung,kandung
sbg,sebagai
u,untuk
ksenangan,kesenangan
ddpt,didapat
jwab,jawab
mmbodohkan,membodohkan
orlaen,orang lain
bgtu,begitu
drpd,daripada
malem,malam
aplikasiin,mengaplikasikan
berangat,berangkat
praktekin,mempraktikkan
dahh,dah
gmn,bagaimana
omdo,omong doang
kate,kata
cabe2,cabe-cabe
prjuangan,perjuangan
kmewahan,kemewahan
stimpal,setimpal
ddpat,didapat
sprt,seperti
bc,baca
mnilai,menilai
kata2,kata-kata
usahh,usah
segala2nya,segala-galanya
sekarng,sekarang
sprti,seperti
mkanya,makanya
hay,hai
mreka,mereka
bhagia,bahagia
korek2,korek-korek
ngebales,membalas
krna,karena
sihh,sih
sasama,sesama
dehh,deh
cabe2an,cabe-cabean
terong2an,terong-terongan
seklian,sekalian
kluar,keluar
tuuu,itu
ngurusan,mengurusi
campurin,mencampuri
emnknya,memangnya
py,punya
unyuu,unyu
mrangkul,merangkul
adlh,adalah
wlo,walau
lh,lah
manusiy,manusia
tx,tak
samara,sakinah mawadah rahman
teringt,teringat
trmsuk,termasuk
dn,dan
pilihnmu,pilihanmu
swmntara,sementara
trmasuk,termasuk
orang2,orang-orang
sgt,sangat
liht,lihat
suaminy,suaminya
jadulnya,jaman dulunya
mantaff,mantap
ngata2in,mengata-ngatai
bagaimna,bagaimana
mulusssss,mulus
bgus,bagus
gmana,bagaimana
kpleset,kepleset
yawlah,ya allah
kepeleset,kepleset
kayanye,kayanya
amiinnnn,amin
komen2an,komen-komenan
wewww,wow
dumsss,dong
tar,entar
perbaikin,memperbaiki
permasalhkan,permasalahkan
betul2,betul-betul
jauhin,jauhi
dateng,datang
adiik,adik
manisss,manis
"besar"",besar-besar"
"masing"",masing-masing"
ddlm,di dalam
kmbali,kembali
dkuburnya,dikuburnya
fi,di
ttg,tentang
rata2,rata-rata
lbih,lebih
critamu,ceritamu
ja,saja
bres,beres
cmkn,camkan
diurusin,diurusi
biarin,biarkan
kale,kali
donks,dong
"membanding"",membanding-banding"
mengperbolehkan,memperbolehkan
krena,karena
ngri,negeri
"dingin"",dingin-dingin"
lma,lama
dibangga'in,dibangga-banggakan
ngebolehin,membolehkan
denger,dengar
"jelek""in,menjelek-jelekkan"
stiap,setiap
gausa,enggak usah
maksain,memaksakan
smog,semoga
mnerima,menerima
baikxa,baiknya
aaamin,amin
amienn,amien
sekangen2,sekangen-kangen
kt,kita
amiiiiiiiiiinnnnnnn,amin
nolongin,menolong
amiiiiiiiiiiin,amin
seluru,seluruh
amiennn,amien
tebir,ribet
doangam,doang
"tebir"",ribet-ribet"
amad,amat
mkst,maksud
wong2,wong-wong
rempong,repot
ngurusin,mengurusi
kerjaan,pekerjaan
bingittzz,banget
bangets,banget
ikh,ih
dwh,deh
nengok,menengok
bante,bantai
la,lah
komenannya,komentarnya
hadapin,menghadapi
dengarin,mendengarkan
ush,usah
cock,cocok
widihh,waduh
mantepp,mantap
cita2,cita-cita
temen-temen,teman-teman
stu,satu
syratnya,syaratnya
pnjang,panjang
shat,sehat
inginkn,inginkan
belanjaa,belanja
burem,buram
tlp,telepon
dngan,dengan
ngerasain,merasai
kancang,kencang
tmbh,tambah
mansyoallah,masyaallah
skali,sekali
canttttikkk,cantik
subhanalloh,subhanallah
lkuin,lakukan
langgenh,langgeng
foto2nya,foto-fotonya
tanggung2,tanggung-tanggung
salluutt,salut
pkai,pakai
org2,orang-orang
mkn,makin
seneng,senang
pdng,padang
warbiyasah,luar biasa
pk,pakai
keedaannya,keadaannya
lagu2,lagu-lagu
saya2,saya-saya
sekrng,sekarang
lagu2nya,lagu-lagunya
ttap,tetap
spertinya,sepertinya
mrah,marah
gra2,gara-gara
sngaja,sengaja
jlek,jelek
udah2,sudah-sudah
ungkit2,ungkit-ungkit
pura2,pura-pura
gatau,enggak tau
curhat2,curhat-curhat
matany,matanya
dteng,datang
mata'y,matanya
baju2,baju-baju
buruannn,buruan
emng,memang
perubut,perebut
sumai,suami
tk,tak
urusin,mengurusi
apah,apa
bagus2,bagus-bagus
say,sayang
mmbela,membela
mslhnya,masalahnya
hnya,hanya
sndri,sendiri
sj,saja
llki,lelaki
dluar,diluar
sna,sana
boleh2,boleh-boleh
dya,dia
maluuuu,malu
beda2,beda-beda
nyaranin,menyarankan
x,kali
tongolin,menongol
cabol,cabul
ape,apa
nyet,monyet
muna,munafik
jing,anjing
tot,entot
nihh,nih
hidiyah,hidayah
percya,percaya
bgi,bagi
tlg,tolong
sya,saya
sdri,sendiri
tdi,tadi
mgkin,mungkin
bhwa,bahwa
skaligus,sekaligus
cek2,cek-cek
spti,seperti
smakin,semakin
sbgai,sebagai
mgk,mungkin
bgmn,bagaimana
sapa2,sapa-sapa
sama2,sama-sama
kyknya,kayaknya
pnya,punya
dng,dengan
termurahhh,termurah
bbrp,beberapa
bhw,bahwa
banyaaaaaak,banyak
baik2nya,baik-baiknya
tunjukan,tunjukkan
anak2mu,anak-anakmu
anak2,anak-anak
ngasih2,mengasih-ngasih
berfikir,berpikir
amit2,amit-amit
mba,mbak
elu,lu
ngajuin,mengajukan
tiba2,tiba-tiba
jkt,jakarta
terbaeq,terbaik
namany,namanya
jels,jelas
diakibtkn,diakibatkan
suk,suka
jelek2,jelek-jelek
dsrny,dasarnya
jkrta,jakarta
mantaap,mantap
benar2,benar-benar
main2,main-main
lanjutkaaaaan,lanjutkan
hiduppp,hidup
ncek,encek
majuuu,maju
teruuss,terus
kdg2,kadang-kadang
looohh,loh
sebelumbya,sebelumnya
tunjukin,tunjukkan
"tahun"",tahun-tahun"
koment,komentar
nyampein,menyampaikan
hokiii,hoki
naksir,menaksir
"bangt"",banget-banget"
nafkahin,menafkahi
ngitem,menghitam
banyaaaak,banyak
"sama"",sama-sama"
gx,enggak
lhat,lihat
cantika,cantik
cwek,cewek
kngen,kangen
fillm,film
sinet,sinetron
jendral,jenderal
nanya,tanya
maenya,mainnya
cantiks,cantik
wktu,waktu
pilm,film
taon,tahun
nd,tidak
slah,salah
cini,sini
jaaangan,jangan
nambah,bertambah
naek,naik
terimaksih,terima kasih
inii,ini
kaannnn,kan
tidakkkk,tidak
kemuh,kamu
da,sudah
keren2,keren-keren
sby,surabaya
tgl,tanggal
pinginnn,ingin
buanget,banget
ketemuuu,ketemu
kebawa,terbawa
mimpiii,mimpi
wanjerrr,anjir
satupunn,satupun
motret,memotret
temen2,teman-teman
lapakk,lapak
nyeniii,menyeni
bget,banget
seeh,sih
abis,habis
deuhh,duh
b2an,berduaan
dihargain,dihargai
"engga"",enggak-enggak"
tahun2,tahun-tahun
lebayy,lebay
gilsss,gila
nganbek,mengambek
sukaa,suka
enk,enak
mendam,memendam
manta,mantan
relaaaa,rela
bgun,bangun
tdur,tidur
cntk,cantik
knl,kenal
anugrah,anugerah
slm,salam
kliatan,kelihatan
awoohhh,allah
cantiikk,cantik
gt,begitu
sbbyak,sebanyak
apun,apapun
nyangkutnya,menyangkutnya
untk,untuk
ampunnnnn,ampun
hy,hai
wadaaw,waduh
paraah,parah
sampw,sampai
dijelekin,dijelekkan
napa,kenapa
azeeeek,asik
ntikk,cantik
uhh,uh
mayan,lumayan
mnisss,manis
tambahim,tambahkan
tambahin,tambahkan
"bener"",benar-benar"
make,memakai
canttikkk,cantik
baanggeettt,banget
ap,apa
siiihh,sih
krpoooo,kepo
pengn,ingin
nyusul,menyusul
nyok,yuk
dekkk,dek
ngiri,mengiri
mmang,memang
nentuin,menentukan
mnjmput,menjemput
ygs,sayang
mblooo,jomblo
ber'expresi,berekspresi
jdulnya,judulnya
ciumman,ciuman
aurot,aurat
laginy,laginya
nyaaaaaaaaaaaaa,nya
alkhamdulilah,alhamdulillah
ktnya,katanya
selaluu,selalu
anjirrr,anjir
ngeh,engah
amen,amin
qm,kamu
nahhh,nah
ngmngnya,mengomongnya
sampai2,sampai-sampai
hal2,hal-hal
komunitas2,komunitas-komunitas
fotony,fotonya
halllo,halo
ngiritya,mengiritnya
hematt,hemat
ciyeeee,cie
yeeee,ya
nget,banget
kususnya,khususnya
krm,kirim
sam,sama
ajaaahhhhh,saja
syediiihhh,sedih
malangg,malang
belooomm,belum
yaakk,ya
kebukti,terbukti
anak2e,anak-anaknya
tuwanya,tuanya
comen2nya,komen-komennya
pedesssss,pedas
jelas2,jelas-jelas
skg,sekarang
nyebut2,menyebut-nyebut
plg,pulang
smbil,sambil
hellooooooo,halo
ngrebut,merebut
mnjdi,menjadi
taek,tahi
lupain,melupakan
bangkret,bangkrut
taekk,tahi
lahhhhhh,lah
kedokk,kedok
"mati""an,mati-matian"
nyimak,menyimak
komenx,komennya
serem2,seram-seram
"ngumpet"",mengumpet-ngumpet"
blim,belum
sekrang,sekarang
ngerebut,merebut
mnjijikaaaaaan,menjijikkan
astgfrlh,astagfirullah
sahabatt,sahabat
gnyngka,enggak menyangka
sendirir,sendiri
brengsekk,brengsek
ngomentnya,mengomentarinya
nusuk,menusuk
skr,sekarang
dpotong,dipotong
helo,halo
kmrin,kemarin
ngmgin,mengomongkan
bilangg,bilang
gkhianati,mengkhianati
kpd,kepada
hr,hari
sp,siapa
pljaran,pelajaran
spy,supaya
mngikuti,mengikuti
klkuan,kelakuan
dibikin2,dibikin-bikin
gimana,bagaimana
nnt,nanti
cew,cewek
cow,cowok
kasiannn,kasihan
syekaliii,sekali
hgga,hingga
cieeeee,cie
sholihah,salihah
adeuh,aduh
halahh,alah
luu,lu
yuuks,yuk
yoo,ayo
ginian,beginian
judulnyaa,judulnya
ayoookkkkkk,ayo
artix,artinya
cewe,cewek
cowo,cowok
lt,lantai
"nama"",nama-nama"
cwe,cewek
serem,seram
kepoin,mengepoi
keluarin,mengeluarkan
gajelas,enggak jelas
mbak2,mbak-mbak
pedes,pedas
komentnya,komentarnya
omongin,mengomongkan
ngalirrrrr,mengalir
idup,hidup
nmbah,bertambah
terossss,terus
ngehujat,menghujat
dosaa,dosa
ngebela,membela
seindonesiyah,seindonesia
seh,sih
senyumin,senyumi
mh,mah
ngalir,mengalir
ngrusak,merusak
px,punya
kslhn,kesalahan
skrngnya,sekarangnya
emang,memang
kalik,kali
bilangin,bilang
nyambungin,menyambung
sllu,selalu
scra,secara
nggali,menggali
cmpur,campur
dgr,dengar
kurng,kurang
nangiiiiis,menangis
nangiiis,menangis
ngomentarin,mengomentari
idupnya,hidupnya
ortunya,orang tuanya
woey,woy
bloghhh,goblok
ngomongin,mengomongkan
doank,doang
"abal"",abal-abal"
dikata2in,dikata-katai
ngehina,menghina
gmna,bagaimana
kebanggan,kebanggaan
dah,deh
jngn,jangan
mnjawab,menjawab
woooiiiiiiii,woy
dosaaaaaaaaaa,dosa
ingt,ingat
karmaaa,karma
woooiiiii,woy
ngkkkkkk,mengakak
makny,maknya
wdooohhh,waduh
kasihn,kasihan
lhirr,lahir
hujatann,hujatan
palgi,apalagi
wihhh,wih
kakakkk,kakak
bagusss,bagus
jt,juta
ngets,banget
stp,setiap
penbelian,pembelian
cuaantik,cantik
sukakkk,suka
m,sama
cucokkk,cocok
lyt,lihat
expresi,ekspresi
natap,menatap
ccok,cocok
helloo,halo
dripada,daripada
difotoin,difoto
psangan,pasangan
cakepp,cakep
ngiriii,mengiri
coxok,cocok
buatin,buatkan
nihhh,nih
statusx,statusnya
cem,macam
yee,ya
sunggu,sungguh
lagiii,lagi
ammiiin,amin
haddeh,aduh
maaasss,mas
segerrrr,segar
kemn,kemana
suipit,sipit
sipiit,sipit
kedengeran,kedengaran
semangaatt,semangat
promil,program hamil
lancr,lancar
keputihn,keputihan
gratisss,gratis
kebayang,terbayang
"mdh"",mudah-mudah"
bz,bisa
amiinn,amin
ammin,amin
mendapatkn,mendapatkan
lucuuuk,lucu
amaattt,amat
aje,saja
yaoloh,yaallah
ngerayain,merayakan
sotoy,sok tau
yok,yuk
d.bikinin,dibikin
mmz,mas
bikinin,bikin
bapeeeer,bawa perasaan
keliatannya,kelihatannya
siih,sih
diginiin,dibeginikan
hadeehh,aduh
pu,punya
suamiiiii,suami
krenn,keren
kebykan,kebanyakan
tingal,tinggal
ngtain,mengatai
macem,macam
bagusnyeee,bagusnya
kemaren,kemarin
hmpir,hampir
liatnyaaa,lihatnya
waw,wow
mbuh,embuh
bsk,besok
waaa,wah
berbiiiiiihhh,barbie
canteek,cantik
teru,terus
nyatok,mencatok
nyampenya,sampainya
goncengin,boncengkan
kasi,kasih
dianterin,diantar
gebleg,geblek
bosen,bosan
anterin,antar
ngantar,mengantar
nganterin,mengantarkan
mz,mas
nerima,menerima
ati2,hati-hati
yeuh,ya
kmn,kemana
dianter,diantar
disupirin,disopiri
jidad,jidat
ciee,cie
novembr,november
hri,hari
bedain,membedakan
genduut,gendut
ehhh,eh
bertatto,bertato
brrt,berarti
kana,kanan
dtg,datang
doong,dong
sblah,sebelah
tauuu,tau
tengaj,tengah
ps,pas
gmpg,gampang
engk,enggak
apal,hapal
dak,tidak
rupa2nya,rupa-rupanya
kembaq,kembar
tngh,tengah
mknya,makanya
prmpuan,perempuan
ketuker,tertukar
drimnanya,darimananya
cntikan,cantikan
edaaaan,edan
syp,siapa
bcnda,bercanda
uhhh,uh
bazengg,bajingan
haiii,hai
bosaan,bosan
gitu2,begitu-gitu
kmana2,kemana-mana
hrsnya,harusnya
sdg,sedang
komentar2,komentar-komentar
kenyataan2,kenyataan-kenyataan
silahkan,silakan
lwt,lewat
sukur2,sukur-sukur
baek2,baik-baik
cma,cuma
berbeda2,berbeda-beda
dibkatakan,dikatakan
doonk,dong
pengikuy,pengikut
ngmngin,mengomongkan
sblmnya,sebelumnya
maksd,maksud
adkah,adakah
menbelah,membelah
ayuk,ayo
mngira,mengira
bertolernsi,bertoleransi
slahkan,salahkan
tolernsi,toleransi
sbnarnya,sebenarnya
ingi,ingin
oalaaaa,walah
menjelekan,menjelekkan
hadeuuh,aduh
dikemanain,dikemanakan
aneh2,aneh-aneh
bpknya,bapaknya
baca2,baca-baca
jwb,jawab
komen2,komen-komen
sebelum2nya,sebelum-sebelumnya
sbagai,sebagai
sedihh,sedih
kangennnn,kangen
gndakan,gandakan
kangeeeeeeeenya,kangen
gaa,enggak
ganti'kn,menggantikan
tnang,tenang
amiiiiiiiiiiiiiiiiin,amin
kgeeeen,kangen
kangeenn,kangen
bangeeeet,banget
bsok,besok
hbis,habis
mti,mati
bngetttt,banget
kangeen,kangen
bgect,banget
"kebaikan""y,kebaikannya"
dssi,disisi
kngenn,kangen
kangeeeeennn,kangen
lagii,lagi
dasyat,dahsyat
aer,air
bgni,begini
skalii,sekali
gg,enggak
dtinggl,ditinggal
terbaiiikkkkk,terbaik
murahhh,murah
pecahhg,pecah
kakakgh,kakak
terbaeeeek,terbaik
prempuan,perempuan
manteep,mantap
nggeh,engah
indonesiaaa,indonesia
inia,ini
maluu,malu
cobaaaa,coba
dehhh,deh
cepetan,cepatan
ntapsss,mantap
kamiiii,kami
smangat,semangat
qmu,kamu
sdkit2,sedikit-sedikit
tntg,tentang
penyakitny,penyakitnya
ngajarin,mengajari
laenny,lainnya
amiinnn,amin
scpatny,secepatnya
sampein,sampaikan
tuany,tuanya
doa2,doa-doa
pjg,panjang
adeeek,adek
bca,baca
netes,menetes
mataq,mataku
byangin,membayangkan
trjadi,terjadi
dposisi,diposisi
tanda2nya,tanda-tandanya
dijwb,dijawab
tmn2nya,teman-temannya
sayy,sayang
salaam,salam
ngajar,mengajar
fto2,foto-foto
laen,lain
dallam,dalam
tentanh,tentang
nangiss,menangis
nnton,menonton
kejadianny,kejadiannya
klg,keluarga
sayaang,sayang
msg2,masing-masing
pgnnya,pengennya
meluk,memeluk
siiihhh,sih
mupeng,muka pengin
caya,percaya
aduhhhhhhhhh,aduh
buseett,buset
mblo,jomblo
lucuuu,lucu
gagahx,gagahnya
miriiiip,mirip
kaliiii,kali
niru,meniru
bpkmu,bapakmu
sangt,sangat
baang,bang
gasih,enggak sih
yuu,yuk
yuuu,yuk
samaa,sama
ngademin,mengademkan
aahh,ah
makasi,terima kasih
looo,loh
yokk,yuk
gils,gila
ono,sono
weeeh,wih
suksea,sukses
temenan,berteman
sehh,sih
deket,dekat
dekt,dekat
genggg,geng
yawloh,ya allah
bhnya,bahannya
loo,loh
samaaaa,sama
abanggku,abangku
sayanggg,sayang
dsni,disini
ciieeeeeee,cie
kokohh,engkoh
pdhal,padahal
takuttt,takut
yuks,yuk
pnjual,penjual
yh,ya
dung,dong
latian,latihan
aaaaaaakkk,ah
mauuuu,mau
soga,moga
tteh,teteh
sintron,sinetron
astagaa,astaga
ancurrr,hancur
dblkang,dibelakang
yayang,sayang
gokillllll,gila
aplks,aplikasi
ska,suka
ktawa,ketawa
baguuus,bagus
kaaan,kan
ngepoin,mengepoi
uuhh,uh
beut,banget
njirrr,anjir
pengeeenn,ingin
dongggg,dong
hatii,hati
besook,besok
mauu,mau
gtuu,begitu
njayyy,anjay
maacih,terima kasih
tokayyy,tahi
to,tapi
mksdku,maksudku
gituin,begitukan
lgsung,langsung
cba,coba
nh,nih
"ilang"",hilang-hilang"
giniin,beginikan
ksini,kesini
kubarikan,kuberikan
ayank,sayang
anyeng,anjing
yankkk,sayang
cukurrr,cukur
gilaaaaaa,gila
yhaaa,ya
qaqaaaa,kakak
sayangkuuuuu,sayangku
kakakuuu,kakakku
banx,bang
edannn,edan
bape,bawa perasaan
"artis"",artis-artis"
ngelahirin,melahirkan
paksain,memaksa
biasaa,biasa
hub,hubungi
hubunggi,hubungi
loooh,loh
telimakacih,terima kasih
nerawang,menerawang
cantiiiik,cantik
didapet,didapat
tanya2,tanya-tanya
pede,percaya diri
kuningggg,kuning
nyolot,menyolot
elahh,alah
pnting,penting
bela2in,membela-bela
marah2an,marah-marahan
wlaupun,walaupun
syantiiiiikkkkkkkkkkkk,cantik
"bwa"",bawa-bawa"
agma,agama
hijabb,hijab
kerrennn,keren
ngetik,mengetik
ntah,entah
pan,kapan
mateeeek,mati
geetoo,begitu
sewain,menyewa
kokkk,kok
muluuu,melulu
yaaang,yang
iyaa,iya
gituu,begitu
yappp,ya
uwahhhhh,wah
bnr2,benar-benar
psgn,pasangan
ujg,ujung
rmbut,rambut
smp,sampai
kki,kaki
hayukk,hayo
ntab,mantab
atuhhh,atuh
yukss,yuk
lihaatttt,lihat
niiiihh,nih
liattt,lihat
cuyyy,cuy
gapernah,enggak pernah
liatiii,lihat
jombsss,jomblo
emesshhh,gemas
gemeessss,gemas
poollll,pol
gemesyak,gemas ya
bngttt,banget
ngegmesin,menggemaskan
hndak,hendak
hndk,hendak
iiih,ih
lutunaa,lucunya
abiz,habis
gemes,gemas
ngareppppp,mengharap
aamiinin,amin
imuutt,imut
abizzz,habis
tay,tahi
toketnya,teteknya
tumpe2,tumpah-tumpah
lenje,lenjeh
tuuuuh,tuh
cantinya,cantiknya
macam2,macam-macam
"mbak"",mbak-mbak"
ngatain,mengatai
mbaknyaahh,mbaknya
pyudara,payudara
ditutupin,ditutupi
bgitu,begitu
ngomongnya,mengomongnya
sich,sih
cantiik2,cantik-cantik
hati.a,hatinya
mk.a,makanya
mlt.a,mulutnya
nyerocooooos,mencerocos
kyk.a,kayaknya
sklh,sekolah
pljrn,pelajaran
srng,sering
ngilang,menghilang
dikatain,dikatai
maluuu,malu
ngalahin,mengalahkan
brisi,berisi
pkoknya,pokoknya
canti,cantik
astagfirullh,astagfirullah
nutupin,menutupi
ori,orisinal
kakakaaaaaaaaaaaaaa,kakak
cantikkkkkkkk,cantik
batwc,banget
kamyuhhh,kamu
dbwh,dibawah
bukti2,bukti-bukti
senenggg,senang
mao,mau
murhan,murahan
prwtn,perawatan
wjh,wajah
bgettt,banget
mereka2,mereka-mereka
pakke,pakai
dipake,dipakai
ktergantungan,ketergantungan
prwatn,perawatan
ngebuktiin,membuktikan
hslnya,hasilnya
awal2,awal-awal
setabil,stabil
maksih,terima kasih
gratiss,gratis
bbrpa,beberapa
"gara"",gara-gara"
"benar"",benar-benar"
ajaibb,ajaib
pokonya,pokoknya
setujuuu,setuju
digituin,dibegitukan
sekolahin,sekolahkan
ajarin,ajarkan
sendirii,sendiri
mrnghadapi,menghadapi
apalg,apalagi
naka,nakal
sdkt,sedikit
besar2in,besar-besarkan
bgmana,bagaimana
s*inetr*n,sinetron
mrusak,merusak
mndpt,mendapat
skt,sakit
sebnyak,sebanyak
terburu2,terburu-buru
baik2,baik-baik
ngumpat2,mengumpat-ngumpat
nantangin,menantang
ngegampar,menggampar
ngelaporin,melaporkan
salahin,salahkan
gabisa,enggak bisa
konsekwensi,konsekuensi
muliany,mulianya
mungki,mungkin
lngsung,langsung
tsb,tersebut
t4,tempat
bacahalah,bacalah
dikerasin,dikerasi
gkkan,enggak akan
ngulangin,mengulangi
bedaa,beda
pnyaa,punya
bol3h,boleh
ngadu,mengadu
ketauan,ketahuan
dimarahin,dimarahi
nyelesain,menyelesaikan
troma,trauma
kerasin,kerasi
kamu2,kamu-kamu
cewer,jewer
bilanh,bilang
jwban,jawaban
nuduh,menuduh
ngatur,mengatur
rajin2,rajin-rajin
bacaaaa,baca
kekk,kayak
jungkiir,jungkir
gunaa,guna
bales2in,balas-membalas
orangg,orang
tauuuu,tau
byak,banyak
kepad,kepada
bantuanny,bantuannya
ttinggi,tinggi
perna,pernah
grgr,gara-gara
jari2,jari-jari
pukulin,pukuli
bengkak2,bengkak-bengkak
komentarin,komentari
bijak2,bijak-bijak
lama2,lama-lama
menurur,menurut
tipe2,tipe-tipe
diliat,dilihat
liatlah,lihatlah
teguran2,teguran-teguran
gr2,gara-gara
gamau,enggak mau
skolah,sekolah
pdahal,padahal
klas,kelas
tkut,takut
grunya,gurunya
pndah,pindah
liat2,lihat-lihat
masukin,memasukkan
dilindungin,dilindungi
kasiaannn,kasihan
miring2,miring-miring
tinggalin,tinggalkan
kaitannha,kaitannya
sud,sudah
pinter,pintar
rana,ranah
thdp,terhadap
scr,secara
bhkn,bahkan
justeru,justru
ngatai,mengatai
kln,kalian
sukak,suka
termuraaahhhh,termurah
brkunjun,berkunjung
suarranya,suaranya
"bner"",benar-benar"
iu,itu
bgussss,bagus
kmaren,kemarin
ambilin,mengambil
biasaaaa,biasa
luuuaar,luar
redho,ridho
rezki,rezeki
kepd,kepada
luaarrr,luar
biasaaa,biasa
jadilh,jadilah
bnr,benar
terhaaru,terharu
orrunya,orang tuanya
flm,film
kalok,kalo
adek2,adek-adek
loncatt,loncat
hampasss,hempas
tehh,teh
bunga2,bunga-bunga
apaaan,apaan
ampuuunn,ampun
daaah,dah
bangetttttt,banget
ituh,itu
cantiiikk,cantik
suaranyaaaaaa,suaranya
idoolaaa,idola
pulaa,pula
penyanyi2,penyanyi-penyanyi
wiih,wih
apaa,apa
miriip,mirip
allaahh,allah
ajahhh,saja
trims,terima kasih
dehat,sehat
salammmm,salam
hari2,hari-hari
sihat,sehat
buruann,buruan
rekomendain,rekomendasikan
trussss,terus
bangt,banget
cepet,cepat
pesen,pesan
boong,bohong
prawatan,perawatan
mkin,makin
dimao,dimau
dijadiin,dijadikan
silahkn,silakan
kasiatnya,khasiatnya
"minyak""an,minyak-minyakan"
suksess,sukses
prodak,produk
trasa,terasa
minpi,mimpi
bner2,benar-benar
mutihin,memutihkan
smster,semester
kmren,kemarin
ucull,lucu
"ngomong"",ngomong-ngomong"
udehh,sudah
syngnya,sayangnya
dipermainin,dipermainkan
kocakkk,kocak
dasarrr,dasar
waaaaw,wow
cannnnntikkkkkkk,cantik
mukax,mukanya
cantikx,cantiknya
fatanik,fanatik
protestin,protestan
kakau,kalau
marh,marah
emngnya,memangnya
cantiknyaa,cantiknya
darpada,daripada
cooooooocok,cocok
pkk,pakai
sling,saling
agama'ny,agamanya
bilng,bilang
prcy,percaya
lurusin,meluruskan
biri,biru
luco,lucu
ultha,ultah
batikk,batik
arab2,arab-arab
luchu,lucu
baguss,bagus
sedihhh,sedih
syang,sayang
ngasi,mengasih
naaaak,nak
astafirullah,astagfirullah
peragain,peragakan
shayyy,say
anjaayy,anjay
shay,say
ngilerrrr,mengiler
woyyy,woy
shaaaay,say
hempaass,hempas
sayyy,say
shayy,say
syantiek,cantik
njay,anjay
hehh,eh
cantik2,cantik-cantik
kam,kamu
ingeet,ingat
sblh,sebelah
nawarin,menawari
amiiiiin,amin
jauhhh,jauh
waaahhh,wah
ajakin,mengajak
mntn,mantan
ade,adek
luhhh,lu
yooookkk,yuk
jrnk,jarang
"jelas"",jelas-jelas"
kayax,kayak
dblkng,dibelakang
anjirr,anjir
mirippp,mirip
sangattt,sangat
iyap,iya
mayann,lumayan
autuhh,tau tuh
atutt,takut
ketara,tertara
giniii,begini
mbaaass,mbak
bund,bunda
bangeeettt,banget
almh,almarhumah
temenkuuh,temanku
suami'y,suaminya
bngeeeetttt,banget
entr,entar
kyax,kayak
cuantikkk,cantik
mksdnya,maksudnya
kaaaaaaaaaakkkkkkkkkkk,kak
kucing'y,kucingnya
nama'in,namai
panggilan'ya,panggilannya
panggilan'y,panggilannya
z,saja
kalw,kalau
tips2,tips-tips
alu,aku
ngerrrriiii,ngeri
ngriii,mengiri
amatt,amat
smpai,sampai
kox,kok
tmbah,tambah
cntikk,cantik
pkee,pakai
smkin,semakin
amiiiiinnn,amin
bgmna,bagaimana
bgmna,bagaimana
hdpn,hadapan
foto2,foto-foto
mnambh,menambah
ktaatan,ketaatan
stju,setuju
cantikkkkkk,cantik
dilepas2,dilepas-lepas
tehhh,teh
istiqomahhh,istikamah
tehhhh,teh
prodaknya,produknya
imutt,imut
amu,kamu
nahh,nah
mauuuuuuu,mau
jilbb,jilbab
tmn,teman
ndut,gendut
ngecek,mengecek
psti,pasti
penasarn,penasaran
cuyy,cuy
astauviruloh,astagfirullah
paaak,pak
diajarin,diajari
gawl,gaul
kecr,kece
iih,ih
laaaah,lah
aned,banget
gingsungny,gingsulnya
blh,boleh
cariin,carikan
kenceng,kencang
cuanti,cantik
mbanya,mbaknya
knlan,kenalan
mbaakk,mbak
mrka,mereka
nyusahhin,menyusahkan
byaran,bayaran
wlawpun,walaupun
sedangkn,sedangkan
tnpa,tanpa
bnggain,banggakan
nyusahin,menyusahkan
malu2in,malu-malui
dibanggain,dibanggakan
wlau,walau
komenan,komentar
"bangga""in,membangga-banggakan"
krya,karya
"bilang"",bilang-bilang"
tinggall,tinggal
dmna,dimana
dripda,daripada
bangga2in,membangga-banggakan
dibnggain,dibanggakan
karya2,karya-karya
drimana,darimana
ngepake',memakai
gksalah,enggak salah
nuntut,menuntut
ngebiarin,membiarkan
bhas,bahas
lagu'y,lagunya
jadiin,jadikan
diem,diam
nyampah,menyampah
"mba"",mbak-mbak"
bukan'a,bukannya
tappi,tapi
kalli,kali
pacara,pacaran
"ngerebut"",merebut-rebut"
lluu,lu
mbaa,mbak
ngerussak,merusak
"bela""in,membela-bela"
bellain,membela
kallo,kalo
coment,komen
dewassa,dewasa
comnet,komen
"pikir"",pikir-pikir"
kaya'a,kayanya
kuyyy,yuk
kitaa,kita
sgtu'y,sebegitunya
ngebelain,membela
tpii,tapi
"karya"",karya-karya"
do,di
cali,caci
penghrgaan,penghargaan
ajjh,saja
lbihh,lebih
baikk,baik
drii,dari
"artist"",artis-artis"
"maki"",maki-maki"
sendirinnya,sendirinya
stidaknya,setidaknya
may,mau
trbaikk,terbaik
punn,pun
mengikutii,mengikuti
atassan,atasan
klauu,kalau
jngnn,jangan
so,sok
sendirinyya,sendirinya
frestasiii,prestasi
mst,mesti
add,ada
see,sih
sibukx,sibuknya
in,ini
katanyaa,katanya
lawaaaas,lawas
kocaaaak,kocak
syng,sayang
adenya,adeknya
pkoknyaa,pokoknya
dsana,disana
dua2nya,dua-duanya
sichhhhhhhhhh,sih
nampak,menampak
tetehh,teteh
wooowww,wow
cobain,coba
muga,moga
kenalin,mengenalkan
janka,jangka
wawwwww,wow
waaaww,wow
waaawwww,wow
mantapp,mantap
cobaaa,coba
kageet,kaget
bangettttttt,banget
oplas,operasi plastik
nambahh,bertambah
paripurnahh,paripurna
wanitah,wanita
indonesiaah,indonesia
cumn,cuman
gegra,gegara
brita,berita
fotbar,foto bareng
wajarrr,wajar
sngt,sangat
wk,waktu
bingiittt,banget
nampar,menampar
tukan,tukang
jatoh,jatuh
"muka"",muka-muka"
cantik2nya,cantik-cantiknya
sdgkn,sedangkan
"apa"",apa-apa"
mancungin,memancungkan
idung,hidung
kusem,kusam
drpada,daripada
kmar,kamar
diemm,diam
tnggu,tunggu
ketawain,mentertawakan
yaelahhh,alah
"sikap"",sikap-sikap"
bales,balas
ampuun,ampun
ngejatuhin,manjatuhkan
ngelakuin,melakukan
gedeg,gedek
muka2,muka-muka
eey,eh
kslahan,kesalahan
perhatiam,perhatian
dibiarin,dibiarkan
sbnrny,sebenarnya
trjd,terjadi
mkir,memikir
hny,hanya
apalai,apalagi
bkal,bakal
saat2,saat-saat
nyadar,menyadari
bka,buka
berani2,berani-berani
lucuuuuu,lucu
pipi'y,pipinya
gemmeeezzz,gemas
sukam,suka
menghilangkn,menghilangkan
mnjdkan,menjadikan
mudah2n,mudah-mudahan
stlh,setelah
soalx,soalnya
keche,kece
badaii,badai
btuh,butuh
ktanya,katanya
bebrp,beberapa
sblum,sebelum
santab,santap
salehah,salihah
mikirin,memikirkan
subhannallah,subhanallah
konsul,konsultasi
pengalam,pengalaman
poko,pokok
trun,turun
kuninggg,kuning
pinkkkk,pink
warnany,warnanya
seger,segar
senangat,semangat
msknya,masaknya
kerennnn,keren
ciptain,ciptakan
bagussss,bagus
sayangkuh,sayangku
gans,ganteng
kren,keren
babget,banget
dihh,dih
jadu,jadi
ksyngn,kesayangan
haru,harus
ngingetin,mengingatkan
narik,menarik
"orang"",orang-orang"
gokilll,gila
astagaaaa,astaga
hancuuuuuy,hancur
mattihhh,mati
beudd,banget
termiribkan,termiripkan
dngerin,mendengarkan
brrti,berarti
wenakk,enak
nganteng,ganteng
abanggg,abang
seksii,seksi
gtuh,begitu
jadii,jadi
emeezzz,gemas
amohhh,kamu
maau,mau
eyke,aku
gilakkkkk,gila
awk,awak
duhhhhh,duh
wowww,wow
liaatt,lihat
iniiiii,ini
aloh,allah
ngettt,banget
maso,masa
brubah,berubah
pelastik,plastik
keak,kayak
dengerin,dengarkan
beud,banget
pahamin,pahami
takuuuuut,takut
ahahahanjirrr,anjir
jogetin,berjoget
shaay,say
boker,berak
pacarnyaa,pacarnya
siapaa,siapa
matii,mati
ketawaa,ketawa
wanjiir,anjir
bw,bawa
minta,meminta
bnran,benaran
sgla,segala
uitnya,duitnya
beliiin,belikan
yaaah,ya
sekaeang,sekarang
tgk,tengok
tanyain,tanyakan
jatuhnyaa,jatuhnya
banyakin,membanyaki
tipu2nya,tipu-tipunya
doaang,doang
gituan,begituan
kaj,kak
wahhhhhh,wah
iiiiiiiii,ih
kaliiiiiii,kali
melebihin,melebihi
gakpapa,enggak apa-apa
kalogak,kalo tidak
sm2,sama-sama
ndukung,mendukung
kaaaaa,kak
aamiinnn,amin
skluarga,sekeluarga
suaminga,suaminya
berhijap,berhijab
smgaa,semoga
istiqamah,istikamah
cuaaantikk,cantik
muraaaaah,murah
baraang,barang
aamiiin,amin
bets,banget
alhamdulillaaaaah,alhamdulillah
sembuhin,menyembuhkan
pengrusak,perusak
ngoceh,mengoceh
aduhhh,aduh
hpus,hapus
pjang,pajang
bdampingan,berdampingan
kaga,kagak
uih,uh
"serem"",seram-seram"
"happi"",hepi-hepi"
bgtuu,begitu
mff,maaf
ktwa,ketawa
trlalu,terlalu
jjur,jujur
ngmg,mengomong
semogaa,semoga
kepelesett,terpeleset
geeelaakk,gila
bolang,bocah petualang
pkek,pakai
lagihh,lagi
hedeuuhh,aduh
stress,stres
saltummmm,salah kostum
mboizzz,bois
suda,sudah
kayaq,kayak
ema,emak
dirumahny,dirumahnya
yuh,tuh
rmbt,rambut
apus,hapus
siapayahh,siapa ya
kostom,kostum
gnii,begini
atuu,satu
pipinyaaa,pipinya
bungkuuuuuuuuusss,bungkus
iiiihhhhhj,ih
emeessss,gemas
pipine,pipinya
glembeeeer,gelambir
lucunaaa,lucunya
cubanget,lucu banget
pengenn,ingin
unyuuk,unyu
dedek,adek
lucunyah,lucunya
mantaaap,mantap
keduaa,kedua
trsrh,terserah
ksih,kasih
seterong,setrong
teyuss,terus
dimasukin,dimasuki
jelekin,menjelekkan
jahatin,menjahati
tai,tahi
gtw,enggak tau
qo,kok
nulis,menulis
nyebutin,menyebutkan
ngertiin,mengerti
rasaiin,rasai
gakusah,enggak usah
disni,disini
sabarrr,sabar
semangaatttt,semangat
nyalahin,menyalahkan
bedainnya,membedakannya
keknya,kayaknya
krus,kurus
elaaaahhhh,alah
cogan,cowok ganteng
tap8,tapi
pandanginya,memandanginya
kenaliiin,kenalkan
banyak2,banyak-banyak
yo,ya
suko,suka
niih,nih
sihhhh,sih
"sebaik"",sebaik-baik"
segtu,sebegitu
ngebenci,membenci
bakar2in,bakar-bakari
padhe,pakde
yya,ya
atw,atau
dosa2mu,dosa-dosamu
maafin,memaafi
gile,gila
ujung2,ujung-ujung
dalem2,dalam-dalam
kgak,kagak
bahas2,bahas-bahas
ud,sudah
woles,santai
hianatin,khianati
halangin,halangi
iyuh,ih
iyuuuhhhh,ih
gaje,enggak jelas
gabakal,enggak bakal
adapin,menghadapi
ngehakimi,menghakimi
ngejuangin,memperjuangkan
dipojokin,dipojokkan
bacotin,bacoti
berati,berarti
kebangetak,kebangetan
tangkep,tangkap
bt,buat
sadis2,sadis-sadis
maksir,menaksir
hebatt,hebat
pndang,pandang
pmbelajaran,pembelajaran
ngejelek,menjelekkan
maslah,masalah
mmperbaiki,memperbaiki
nahan,menahan
kafeh,kafe
remang2,remang-remang
mlh,malah
tinggl,tinggal
dirmh,dirumah
iyuuhhh,ih
ktika,ketika
dipuja2,dipuja-puja
ngrasain,merasai
ityl,itil
hbs,habis
marah2,marah-marah
wenak,enak
ngarang,mengarang
kelas'a,kelasnya
hadeeehhh,aduh
"kecil"",kecil-kecil"
"gtu""an,begitu-gituan"
gmanapun,bagaimanapun
kr,kira
nenek2,nenek-nenek
taux,taunya
urat2nya,urat-uratnya
ketarik,tertarik
ngorbanin,mengorbankan
eksprsi,ekspresi
gitulah,begitulah
"foto"",foto-foto"
mamas,mas
bandingin,bandingkan
tua2,tua-tua
terus2an,terus-terusan
waduhh,waduh
"bawa"",bawa-bawa"
badingkan,membandingkan
ngurus,mengurus
lanjutin,lanjutkan
ributin,meributkan
brantem,berantem
belain,membela
lipetan,lipatan
"nenek"",nenek-nenek"
bneraan,benaran
kageeet,kaget
sangaaattt,sangat
rmbuut,rambut
nt,nanti
walik,balik
oma2,oma-oma
kellen,kalian
nyerocos,mencerocos
ibuk2,ibu-ibu
ngomenin,mengomentari
iseng2,iseng-iseng
niyyyyhhhh,nih
sexi2,seksi-seksi
blik,balik
kenape,kenapa
ladenin,meladeni
skit,sakit
hat,hati
jilbabnye,jilbabnya
ledkin,meledeki
digabtikan,digantikan
jng,jangan
ngumung,mengomong
ilang-in,hilangkan
prinadi,pribadi
luh,lu
yep,ya
helooooo,halo
loe,kamu
palingann,palingan
berjinah,berzina
munaafikk,munafik
urusn,urusan
saudra,saudara
trganggu,terganggu
bhijab,berhijab
lepasin,melepas
smentara,sementara
waduhhh,waduh
ursan,urusan
sudab,sudah
dwsa,dewasa
rpt2,repot-repot
ngaji,mengaji
nmr,nomor
romantiz,romantis
murmer,murah meriah
pensaran,penasaran
baru2,baru-baru
yuukk,yuk
kitaaa,kita
lainnyaa,lainnya
perbulannn,perbulan
penyebab2,penyebab-penyebab
nyupir,menyopir
steess,stres
kwatir,kawatir
tengah2,tengah-tengah
duetin,duet
mudaa,muda
sebenernya,sebenarnya
silsturahmi,silaturahmi
dijkt,dijakarta
cums,cuma
undangan2,undangan-undangan
past,pasti
ayukk,yuk
ngucapin,mengucapkan
filmny,filmnya
ntn,menonton
nobar,menonton bareng
kemariin,kemarin
knpp,kenapa
lggi,lagi
gaprgi,enggak pergi
aaahh,ah
pa2,apa-apa
dtunggu,ditunggu
masa2,masa-masa
kepikir,terpikir
seruuu,seru
emeshh,gemas
kaya,kayak
astagaaaaaa,astaga
pacarn,pacaran
ktg,kita
pacaranya,pacarannya
mbaak,mbak
ngalah,mengalah
de,dek
pacarane,pacarannya
rusakkk,rusak
yaaampunnn,ya ampun
tuwek,tua
mukae,mukanya
ultahe,ultahnya
kliatanya,kelihatannya
pcaranya,pacarannya
bermaksut,bermaksud
tampialannya,tampilannya
nikaah,nikah
"anak"",anak-anak"
pankapan,kapan-kapan
ngumbar,mengumbar
dhpusin,dihapuskan
istiqomah,istikamah
mnutup,menutup
bngatt,banget
dii,di
ooh,oh
hapusin,hapuskan
lohhh,loh
ngeuh,engah
sneng,senang
mutusin,memutuskan
ngapus,menghapus
awl,awal
hrus,harus
bngkit,bangkit
mncoba,mencoba
wahhh,wah
mutuain,memutuskan
smw,semua
geuliiiiiiis,geulis
euyyyyy,euy
uuh,uh
ngirim,mengirim
ngidam,mengidam
waah,wah
sampis,sampah habis
maapin,maaf
ngebala,bala
mampuussss,mampus
diihhhh,dih
hrusnya,harusnya
sabal,sabar
udahlah,sudahlah
kauuuu,kau
sabaro,sabar
eehhh,eh
iiii,ih
kreative,kreatif
bangrt,banget
azekkkk,asik
kuaaatt,kuat
bhet,banget
inggrisny,inggrisnya
dsna,disana
iyaap,iya
mksih,terima kasih
nga,enggak
canyk,cantik
prodac,produk
nyesell,menyesal
ciyusss,serius
cyin,cinta
bangetttttttt,banget
sexi,seksi
bundaaaa,bunda
bangget,banget
bettt,banget
cantiiillx,cantik
brapa,berapa
alaami,alami
sabaarrr,sabar
cantiiiikk,cantik
bangeeeeetttt,banget
cannntikk,cantik
banggett,banget
thnan,tahunan
cuantik,cantik
segerr,segar
wouww,wow
cantiiikkk,cantik
pen,ingin
catokin,catok
ikut2an,ikut-ikutan
comment2nya,komentar-komentarnya
teman2,teman-teman
besar2an,besar-besaran
knsul,konsultasi
brhasil,berhasil
hilangin,menghilangkan
kontak2,kontak-kontak
dptnya,dapatnya
applikasi,aplikasi
kereeeeen,keren
bngeet,banget
gemesinnnnn,menggemaskan
ongkiir,ongkir
ajaibbbbb,ajaib
saayyyyy,say
lohhhh,loh
ganteung,ganteng
bhgia,bahagia
iiiiiiiiii,ih
lucuukk,lucu
keciil,kecil
yakinn,yakin
pentass,pentas
ngarep,mengharap
lucu2,lucu-lucu
testinya,testimoninya
mengirusi,mengurusi
khdpn,kehidupan
ngelawan,melawan
betuuuuulllllllllllllllll,betul
bisax,bisanya
klmbutan,kelembutan
seburuk2,seburuk-buruk
diingetin,diingatkan
ngeriiiiii,ngeri
nich,nih
akhlah,akhlak
elo2,kamu-kamu
mandiin,memandikan
nguburin,menguburkan
ngebedain,membedakan
urusanny,urusannya
tuhanny,tuhannya
brtngkar,bertengkar
pndapat,pendapat
looh,loh
sharusnya,seharusnya
mngkannya,mangkanya
nyia2in,menyia-nyiakan
brarti,berarti
mndpat,mendapat
kpuasan,kepuasan
sgampang,segampang
mlepaskan,melepaskan
trll,terlalu
sndr,sendiri
sellow,santai
sbbrnya,sebenarnya
kasar2,kasar-kasar
semangattt,semangat
testi,testimoni
banyaak,banyak
bujukk,bujuk
d.apa,diapa
apain,apai
dsar,dasar
benetaran,benaran
bneran,benaran
kraya,karya
brg,bareng
ngebantu,membantu
janjutin,lanjutkan
kepppoin,kepoi
recommendasi,rekomendasi
btulan,betulan
kha,kah
s,si
tutupin,menutupi
wik,wig
ithu,itu
botakin,botaki
botakkkk,botak
bnrn,benaran
week,wig
gawul,gaul
modes,modis
brayyy,bray
kcantikan,kecantikan
bronis,brondong manis
gapunya,enggak punya
bkln,bakalan
kecantikanga,kecantikannya
hiii,hai
piiiilih,pilih
deeh,deh
zama,zaman
gnti,ganti
nmnya,namanya
tapo,tapi
gkk,enggak
petinggi2,petinggi-petinggi
wota2,wota-wota
indefendet,independen
tempat2,tempat-tempat
taik,tahi
yuuuukkk,yuk
dituutup,ditutup
ngayal,mengkhayal
smvk,sempak
knyataan,kenyataan
njrittt,anjir
selmt,selamat
taz,atas
klhran,kelahiran
pertma,pertama
kelahuran,kelahiran
pertamany,pertamanya
mamax,mamanya
ankx,anaknya
cantip,cantik
klahiran,kelahiran
slmat,selamat
mmbanggakan,membanggakan
ortuny,orang tuanya
selmat,selamat
bnda,bunda
nyah,nya
prtamax,pertamanya
moqa,moga
yq,yang
brbakti,berbakti
gewlaaaaa,gila
basodaraa,bersaudara
hargs,harga
perhatiin,perhatikan
abal2,abal-abal
bantuim,bantu
adl,adalah
pelwak,pelawak
suces,sukses
sucses,sukses
garemin,garami
gapake,enggak pakai
ngiringan,mengiringi
karir.a,karirnya
aamin,amin
teruz,terus
kemarn,kemarin
recomendasinya,rekomendasinya
promoo,promo
ongkirr,ongkir
mskasih,terima kasih
wowwwww,wow
seeeemua,semua
batesin,batasi
bijin,bikin
ngeidealin,mengidealkan
bhn,bahan
gasalah,enggak salah
brsma,bersama
le,boleh
ugha,juga
semuaaa,semua
heeee,hai
rame2,rame-rame
yam,ya
kartunin,kartun
kyaknya,kayaknya
abez,habis
baaaaaang,bang
ganteeeeng,ganteng
entahhh,entah
gimanaaaa,bagaimana
duuhh,duh
gantengnyaaaa,gantengnya
kpn2,kapan-kapan
pans,fan
kuliyh,kuliah
gantengkuuuuuu,gantengku
atassss,atas
orgny,orangnya
owalaah,walah
aslinyo,aslinya
alissnyaa,alisnya
masaaaa,masa
komuk,muka
kalahnye,kalahnya
iyaaaa,iya
fakultass,fakultas
smrg,semarang
unyu2,unyu-unyu
koq,kok
yyaaa,ya
insonniaaa,insomnia
adekx,adeknya
azaab,azab
gksi,enggak sih
greged,greget
alamiii,alami
ktemu,ketemu
ditayangin,ditayangkan
"ms"",masa-masa"
meranin,memerankan
nontonny,menontonnya
rekomendasiiin,merekomendasikan
sista2,sista-sista
agan2,agan-agan
ngg,enggak
nanget,banget
ngeditnya,mengeditnya
himana,bagaimana
kekgini,kayak begini
subhanaallahh,subhanallah
sangat2,sangat-sangat
terharuuuu,terharu
"kata"",kata-kata"
subhanallahhh,subhanallah
tlsn,tulisan
nagiss,menangis
aneut,banget
trrharu,terharu
subhnallah,subhanallah
allahh,allah
suamiii,suami
dcintai,dicintai
klrga,keluarga
liat'y,lihatnya
lggeng,langgeng
romantisny,romatisnya
duhhh,duh
pcar,pacar
kakanga,kakaknya
slw,santai
cpa,siapa
akuu,aku
aelah,alah
orabg,orang
mukanyaa,mukanya
kakakny,kakaknya
woooyy,woy
ngelucu,melucu
bukak,buka
mato,mata
kareno,karena
cino,cina
munafikk,munafik
meker,mikir
indoneaia,indonesia
benarin,membenarkan
jaadii,jadi
apo,apa
nyo,nya
miara,memiara
jalanani,menjalani
dalil2,dalil-dalil
sunah2,sunah-sunah
sdah,sudah
benda2,benda-benda
bilang2,bilang-bilang
emangnya,memangnya
rumpiin,rumpi
hotak,botak
ikut2,ikut-ikut
jawabanny,jawabannya
ajj,saja
mikir2,memikir-mikir
melihara,memelihara
oooh,oh
hidupx,hidupnya
ngefans,fan
lsg,langsung
uztad,ustad
anjingnyaa,anjingnya
pegang2,pegang-pegang
ilmh,ilmu
menasehati,menasihati
suka2,suka-suka
kelus,kali
hubngan,hubungan
koclak,kocak
bju,baju
cinggirnyaaaa,cinggirnya
yahhhh,ya
miripppp,mirip
sedikitlaahh,sedikitlah
miriplahhhhhh,miriplah
syediih,sedih
mirp,mirip
baju.a,bajunya
wiiiihhhhhhhhh,wih
gantheng,ganteng
synk,sayang
ngfans,fan
miriiippp,mirip
idungnya,hidungnya
wooow,wow
panglingg,pangling
artisnyaa,artisnya
dtggu,ditunggu
trnyata,ternyata
bgtttttttt,banget
rapih,rapi
buuun,bun
iyaappps,iya
sukse,sukses
nih2,nih-nih
baruu,baru
kecptan,kecepatan
rmbutnya,rambutnya
giti,begitu
penganten,pengantin
wrn,warna
ne,ini
cantikkkkk,cantik
fans,fan
loksyut,lokasi syuting
amfun,ampun
k',kak
asuuu,asu
kuu,ku
dsini,disini
dibls,dibalas
ceklist,ceklis
terusss,terus
tlvn,telepon
trkrim,terkirim
kelaluan,kelakuan
guanteng,ganteng
cucok,cocok
c,sih
gueee,saya
semangatt,semangat
haduh,aduh
mlz,malas
emak2,emak-emak
tante2,tante-tante
kepoh,kepo
jalanin,menjalani
repong,repot
ngrusin,mengurusi
iy,iya
dnk,dong
senyumna,senyumnya
ngejelek2in,menjelek-jelekkan
hotx,hotnya
cwnya,ceweknya
mbaaahhh,mbah
pasangn,pasangan
sttus,status
aama,sama
hadeuuhhhh,aduh
lebar2,lebar-lebar
sstu,sesuatu
serasiii,serasi
cocokx,cocoknya
emakx,emaknya
iniiiiiiiiiiiiiii,ini
cocookk,cocok
kll,kalo
arghhh,ah
ungkapin,ungkapkan
merrid,merit
neh,nih
cocokkkkk,cocok
yaolohh,ya allah
aee,saja
naggung,menanggung
battt,banget
am,sama
tah,teh
luthuna,lucunya
astagaaa,astaga
suaraynyaa,suaranya
duanyaa,duanya
anjayyyy,anjay
coeggg,coeg
ancur,hancur
koplak,kocak
uaaasssiiiik,asik
boss,bos
nyubit,mencubit
dede,adek
gemez,gemas
tium,cium
gemeeezzzz,gemas
ppa,papa
papahhhnya,papahnya
duuuhh,duh
ginting,ganteng
bingiiittzz,banget
iiihh,ih
dedeknya,adeknya
hadeeuh,aduh
geneeee,begini
yooow,ya
gemezz,gemas
gayax,gayanya
infpyunnnn,ampun
paraaah,parah
papiii,papi
kamunyaa,kamunya
ngambek,mengambek
haduuuh,aduh
kapaan,kapan
nginjek,menginjak
putihnyaa,putihnya
ituuuu,itu
omaaaaaaakk,oma
loncattt,loncat
didatengin,didatangi
abg,abang
kmariiin,kemarin
ayoklaa,ayolah
jelasssss,jelas
kaliiin,kalian
ujunggg,ujung
kaakaaaa,kakak
srruu,seru
kannn,kan
jmpaaaa,jumpa
yukkk,yuk
haii,hai
syukaaakkk,suka
dengeeriin,dengarkan
yakaliiiii,yakali
atuhh,atuh
ngertii,mengerti
apalgi,apalagi
akuh,aku
mesrany,mesranya
jendes,janda
ngggk,enggak
coccokk,cocok
msa,masa
jendesss,janda
klepek2,klepek-klepek
bngtttt,banget
ponakn,ponakan
tantee,tante
gadiss,gadis
tpy,tapi
jnda,janda
bngy,banget
bujngn,bujangan
ngp,mengapa
padetan,padatan
bawa2,bawa-bawa
nyobain,mencoba
pcaran,pacaran
or,orang
tdak,tidak
prcuma,percuma
langgengggg,langgeng
sekaliiiii,sekali
anehhh,aneh
hayal,khayal
bedua,berdua
bapeerr,bawa perasaan
keinget,teringat
merekak,mereka
kreeenn,keren
abisss,habis
kocaaaakkk,kocak
abiiiss,habis
pass,pas
personill,personil
lengkapp,lengkap
ampuuun,ampun
iiihhhh,ih
flim.a,filmnya
trusan.a,terusannya
tdung,tudung
gangguin,mengganggu
lgkah2,langkah-langkah
taw,tau
cntiiikkk,cantik
tegaar,tegar
sktlrang,sekarang
kangeeeennnnn,kangen
sjk,sejak
tambh,tambah
nangiis,menangis
nyaaaaaaaaa,nya
bundaa,bunda
duuhhhhh,duh
gaada,enggak ada
malsudnya,maksudnya
lluuccuu,lucu
siappa,siapa
martabakk,martabak
skali2,sekali-kali
kueren2,keren-keren
abgnya,abangnya
warkop,warung kopi
hayuu,hayo
kenapaa,kenapa
ilang2an,hilang-hilangan
ayooook,ayo
astagaaaaaaaa,astaga
inihhh,ini
oom,om
mansetan,bermanset
cadasss,cadas
kereeeeennn,keren
"temen"",teman-teman"
telefisi,televisi
nikmatin,menikmati
mantappp,mantap
mbahh,mbah
giitu,begitu
mtanya,matanya
cpit,sipit
dee,dek
sumvahh,sumpah
tamvann,tampan
yap,ya
guaaaaaaa,gua
capa,sapa
ngakakkk,mengakak
liaat,lihat
gantweng,ganteng
anjjjjjjjj,anjing
gakwad,enggak kuat
seru2,seru-seru
iniii,ini
favoriteeee,favorit
adaa,ada
dinyanyiin,dinyanyikan
seruu,seru
nyengir,menyengir
temennya,temannya
klk,kelak
brjdh,berjodoh
akhrt,akhirat
kangennnnn,kangen
kanggen,kangen
kangennnnnnn,kangen
ysh,ya
sypa,siapa
nangisss,menangis
brjodoh,berjodoh
kaliann,kalian
barengg,bareng
kpnpun,kapanpun
mendj,menjadi
allahhhh,allah
merindinggg,merinding
amiennnn,amien
iihh,ih
lhir,lahir
udeh,sudah
menjdi,menjadi
debay,adek bayi
bangeer,banget
lafazd,lafaz
pmbyran,pembayaran
plsa,pulsa
"dimana"",dimana-mana"
sokk,sok
ngambekan,ambekan
sma2,sama-sama
ngom,mengomong
toloollll,tolol
bodhooo,bodoh
peliharaaaa,pelihara
makanyaa,makanya
"ati"",hati-hati"
kemakan,termakan
bodhoo,bodoh
siihhh,sih
andaaa,anda
buktinyaaa,buktinya
smuaaa,semua
ngambeknya,mengambeknya
kebongkar,terbongkar
tapii,tapi
kasiian,kasihan
diladenin,diladeni
comen,komen
ngtif,negatif
comntr,komentar
kaliannn,kalian
brdiri,berdiri
mulutny,mulutnya
msalah,masalah
trserh,terserah
waduuuuh,waduh
ngedukung,mendukung
dihpus,dihapus
mrekaa,mereka
cakeeeeppp,cakep
benerr,benar
"brg"",bareng-bareng"
baanget,banget
anjaaaayyyyyy,anjay
ngetsz,banget
utkmu,untukmu
anj,anjing
merekaa,mereka
kann,kan
dieee,dia
yaahh,ya
hijap,hijab
ternodain,ternodai
ngeri2,ngeri-ngeri
mn,mana
kt2,kata-kata
agk,agak
slhkan,salahkan
jilbabny,jilbabnya
perilakuny,perilakunya
ketaatanny,ketaatannya
kepda,kepada
sblmny,sebelumnya
bljr,belajar
pedulilaaaah,pedulilah
ingetin,mengingatkan
terjrumus,terjerumus
stuju,setuju
sbb,sebab
igtlah,ingatlah
dtgkan,datangkan
benahin,membenahi
ohhhh,oh
yapp,ya
jauhh,jauh
bingitt,banget
buka2an,buka-bukaan
ngembali,kembali
semngat,semangat
lekong,laki
kacauuuu,kacau
ngimpi,mimpi
owh,oh
ngerampas,merampas
ngehancurin,menghancurkan
ngungkit2,mengungkit-ungkit
kaleee,kali
caranga,caranya
usa,usah
dipikirin,dipikirkan
nunduk,menunduk
tembemmm,tembem
lucuuuuuuuuuu,lucu
bundaaa,bunda
nyubitt,mencubit
jls2,jelas-jelas
supeer,super
inni,ini
appa,apa
hayooo,hayo
adyem,adem
mitnah,memfitnah
cantiknyaaaaa,cantiknya
tmbm,tembam
cantix,cantik
kriput,keriput
jelex,jelek
drmn,darimana
"laku"",laku-laku"
"orang""nya,orang-orangnya"
kacian,kasihan
cape,capek
mancing2,memancing-mancing
eeeeh,eh
kpancing,terpancing
lakuin,melakukan
cri,cari
sbenernya,sebenarnya
mikirinnn,memikirkan
"diam"",diam-diam"
mengalahkn,mengalahkan
nyindirin,menyindir
nee,ini
klakuan,kelakuan
mksdx,maksudnya
shabat,sahabat
jk,jika
brbuat,berbuat
mmberi,memberi
nm,nama
sbhabat,sahabat
pnjerumus,penjerumus
tman,teman
shbat,sahabat
melakukn,melakukan
seorg,seorang
berkluarga,berkeluarga
siapa2,siapa-siapa
ketipu,tertipu
"laki"",laki-laki"
mengait2kan,mengait-ngaitkan
nyir2,nyinyir
gosipin,menggosipkan
sendri,sendiri
bntar,bentar
duuuhhh,duh
nmbk,menembak
gakkk,enggak
abiiiiisssss,habis
tikung2,tikung-tikung
cwok,cowok
bangedd,banget
wuastagah,astaga
bedaaa,beda
jaoooh,jauh
mateeeeeeeeeeee,mati
parsis,persis
sumpeh,sumpah
iyh,iya
kmana,kemana
cantiqs,cantik
kecik,kecil
brasa,berasa
trlihat,terlihat
mmberikan,memberikan
khidupan,kehidupan
srpti,seperti
dinamakn,dinamakan
sgtu,sebegitu
paati,pasti
kutuu,kutu
setelur2nya,setelur-telurnya
khadiran,kehadiran
kel,keluarga
srta,serta
kcil,kecil
kberkahn,keberkahan
kbahagiaan,kebahagiaan
tntram,tentram
brsama,bersama
hngga,hingga
brpndapat,berpendapat
trutama,terutama
hiraukn,hiraukan
diamkn,diamkan
hrsny,harusny
brsyukur,bersyukur
mmberikn,memberikan
rasakn,rasakan
cari2,cari-cari
kesalahanny,kesalahannya
kekuranganny,kekurangannya
seandainy,seandainya
perasaanny,perasaannya
diindonesis,diindonesia
liyatnya,lihatnya
kayahhh,kaya
ala2,ala-ala
yook,yuk
yoookkkk,yuk
siihh,sih
elus2,elus-elus
asliiiii,asli
aduuhhhh,aduh
belom,belum
padahl,padahal
btul,betul
kejahatn,kejahatan
slam,salam
ngelewati,melewati
kalu,kalau
ngerendahin,merendahkan
apaalahh,apalah
tnp,tanpa
menyebut2,menyebut-nyebut
mnt,minta
kiya,kita
miriiiiip,mirip
dirimuuu,dirimu
yoiiu,yoi
semuanyaaaa,semuanya
suka.a,sukanya
jdii,jadi
blnja,belanja
brangnya,barangnya
ada2,ada-ada
nimpuk,menimpuk
abiss,habis
prlu,perlu
coyyy,coy
suaranyaa,suaranya
jnagn,jangan
kcwa,kecewa
jaman2,jaman-jaman
sok2an,sok-sokan
dket2in,dekat-dekati
cobak,coba
britanya,beritanya
tau2,tau-tau
mahh,mah
jamam,jaman
paraa,para
seharusny,seharusnya
dasaar,dasar
bergunaa,berguna
mulutnyaaa,mulutnya
blkng,belakang
kcewa,kecewa
mnusuk,menusuk
blkang,belakang
nembak,menembak
trmanis,termanis
krng,kurang
kaciiaann,kasihan
nyela,mencela
ngejilat,menjilat
hallooo,halo
deketin,dekati
tayik,tahi
halooo,halo
ustzah,ustazah
halow,halo
poooolllll,pol
tahannn,tahan
aduuh,aduh
nyimpen,menyimpan
ngarsipin,mengarsipkan
cman,cuman
gituuuuu,begitu
kyy,kaya
kngn,kangen
kq,kok
nyesek,menyesak
rinduuuuuuu,rindu
b2,berdua
kangeeeennn,kangen
mg,moga
aamiiiiinnn,amin
gemezzzz,gemas
kangennnnnn,kangen
prh,parah
bakattt,bakat
napsuu,napsu
gmau,enggak mau
luccu,lucu
prasaan,perasaan
lahirr,lahir
setujuuuu,setuju
sering2,sering-sering
ceemen,cemen
"sembunyi"""",sembunyi-sembunyi"
skrnh,sekarang
cerdiik,cerdik
jeniuss,jenius
kurangin,kurangi
kreen,keren
s'lalu,selalu
mauuuuuu,mau
mintk,minta
nyolong,mencolong
pnjng,panjang
slaluuuuu,selalu
kanggggg,kang
rezeqinya,rezekinya
pintr,pintar
dekk,dek
maw,mau
kura2,kura-kura
edaaann,edan
nempel,menempel
hatiiii,hati
sukkaa,suka
luuuucuuu,lucu
caantiiik,cantik
luucuuu,lucu
putihh,putih
"terus""an,terus-terusan"
siiih,sih
ternyataa,ternyata
pollll,pol
sekaliiii,sekali
peduliin,mempedulikan
komntr,komentar
smngat,semangat
dosax,dosanya
pahalax,pahalanya
akhirt,akhirat
tinggalkn,tinggalkan
rumh,rumah
mk,maka
trhtung,terhitung
naaaa,nya
ademmm,adem
cerdass,cerdas
tambahh,tambah
polll,pol
didengerin,didengarkan
mantapppppp,mantap
ngerespon,merespons
dulurrr,dulur
brusaha,berusaha
lebh,lebih
amin2,amin-amin
positippp,positif
jauuhhh,jauh
brhjb,berhijab
mdh2n,mudah-mudahan
slmnya,salamnya
jlbb,jilbab
dempga,semoga
selmnya,selamanya
tth,teteh
otot2,otot-otot
lengkeeett,lengket
caaannnttiikkk,cantik
trusss,terus
ademm,adem
apalagiii,apalagi
passs,pas
beginii,begini
satuu,satu
cuantek,cantik
akuuuur,akur
iniehh,ini
sayangx,sayangnya
jodohx,jodohnya
kaliaan,kalian
haslnya,hasilnya
kencng,kencang
pmbantu,pembantu
kmbl,kembali
cuchook,cocok
kloop,klop
sempurnaa,sempurna
klihatan,kelihatan
cintax,cintanya
pnuh,penuh
ngrti,mengerti
"mudah""an,mudah-mudahan"
"segala""ny,segala-galanya"
mantanny,mantannya
jodohny,jodohnya
cantk,cantik
ituuu,itu
kaasian,kasihan
padhl,padahal
"ank"",anak-anak"
pkrin,pikirkan
anakx,anaknya
sia2kan,sia-siakan
naaahhh,nah
beluumm,belum
sayangggq,sayangku
kreean,keren
ciiieee,cie
cieee,cie
cieeee,cie
berenanh,berenang
pacarr,pacar
bingitss,banget
besokkk,besok
annnnjjjjjjrrrr,anjir
ngeliatin,melihati
ngumbar2,mengumbar-umbar
romantiss,romantis
cocook,cocok
lucuuuuuuuu,lucu
kaaaaaann,kan
nyaaaaaaa,nya
lgs,langsung
yaang,yang
bangedt,banget
gde,gede
lutunaaa,lucunya
bikinnn,bikin
keee,ke
bungkuuussss,bungkus
lucux,lucunya
bntr,bentar
buanyaaak,banyak
aaamiiinnn,amin
aaamiiin,amin
ntap,mantap
abgnyaah,abangnya
mungkiin,mungkin
akuhh,aku
manteb,mantap
hiduupppp,hidup
tebel,tebal
nganggepin,menanggapi
"mentang"",mentang-mentang"
najiss,najis
perjabatt,pejabat
makany,makanya
benneeeeeerr,benar
krjaan,pekerjaan
kdng,kadang
kdang,kadang
knan,kanan
anak'y,anaknya
trknal,terkenal
"gtu"",begitu-gitu"
klok,kalo
aamiiiinnnnn,amin
pengennnn,ingin
guw,saya
siiiiiiippppppppp,sip
selaloe,selalu
donggg,dong
beruntungnyaaaa,beruntungnya
soal'y,soalnya
prhatian,perhatian
hebaat,hebat
ampunn,ampun
gueeeee,saya
liatt,lihat
gehh,gih
ankknyaaa,anaknya
centilnyaaaaaa,centilnya
gemesshzzzzhzzhzhzhsjssjs,gemas
ngacaaa,mengaca
diaaa,dia
jirr,anjir
kayaa,kaya
cempreeng,cempreng
centillll,centil
pcran,pacaran
anedh,banget
ampyunnnn,ampun
boro2,boro-boro
nyta,nyata
kampungn,kampungan
j,saja
mnghina,menghina
ngolokin,mengolok
blum,belum
"syirik"",syirik-syirik"
than,tahan
dsr,dasar
siriik,sirik
mampuuu,mampu
khan,kan
aduuhh,aduh
cemburuu,cemburu
bingitzzzz,banget
tlog,tolong
apasihhh,apasih
sirikk,sirik
dbnding,dibanding
nrka,neraka
s3ndiri,sendiri
bhgiain,membahagiakan
kdua,kedua
prcya,percaya
bhagaia,bahagia
cuco,cocok
genittt,genit
kx,kak
mlikk,milik
"mentah"",mentah-mentah"
canci,cantik
aneed,banget
gimanaa,bagaimana
lainnn,lain
pentingg,penting
bagaimanaaa,bagaimana
krudung,kerudung
enakkkkk,enak
poool,pol
jirrrr,anjir
oprasiya,operasinya
uwee,saya
pilihannny,pilihannya
itumahh,itumah
muuuu,mu
uuhhh,uh
berbakiti,berbakti
alhamd,alhamdulillah
slmttt,selamat
ucapin,mengucapkan
tetp,tetap
ditengah2,ditengah-tengah
semuanyaa,semuanya
semuannyaaa,semuanya
aminn2,amin-amin
abs,habis
kebnyak'an,kebanyakan
melahirin,melahirkan
aduuuh,aduh
cakeep,cakep
lhooo,loh
kamuuuu,kamu
bagi2,bagi-bagi
gimn,bagaimana
smogaaa,semoga
biza,bisa
aamien,amien
lngsing,langsing
wowoooww,wow
smulla,semula
pdhall,padahal
blln,bulan
senang2,senang-senang
jh,saja
kereeennnn,keren
gilakkk,gila
gtu2,begitu-gitu
cpet,cepat
gataunya,enggak taunya
gtau,enggak tau
fans2,fan-fan
gaharus,enggak harus
knapa,kenapa
sy,saya
bobo,tidur
haloo,halo
halooo,halo
gblk,goblok
ajg,anjing
mmantab,mantap
bgo,bego
goblk,goblok
anjg,anjing
ngabarin,mengabarkan
subuh2,subuh-subuh
gbsa,ga bisa
ajay,anjay
wuiiihh,wih
gaes,guys
pertanyaanny,pertanyaannya
biat,buat
ctk,cantik
gosah,gak usah
mbakyu,mbak ayu
ditelp,ditelpon
gub,gubernur
bwh,bawah
mnrt,menurut
kndisi,kondisi
mnganalisa,menganalisa
lebar,lebar-lebar
trkait,terkait
dilaporkn,dilaporkan
trkena,terkenal
sbgi,sebagai
bk,buka
ust,ustadz
bpk,bapak
erempuan,perempuan
wooy,woy
pleh,oleh
bertahun2,bertahun-tahun
ancur2an,hancur-hancuran
tahunx,tahunnya
berpa,berapa
btw,by the way
paksin,vaksin
trmkash,terima kasih
rese,resek
yesss,yes
dadi,jadi
ora,tidak
ngapusi,bohong
wong,orang
kudu,harus
guyu,ketawa
ora,tidak
n,dan
siaaap,siap
byr,bayar
yaaaaa,ya
yaaaaa,makanya
kmanusiaan,kemanusiaan
tf,transfer
jangaaan,jangan
bantuin,membantu
embel2,embel-embel
tks,terima kasih
kagak,tidak
anjimmm,anjing
sialannn,sialan
coookkk,jancuk
trf,transfer
gabisaa,tidak bisa
gbisa,tidak bisa
hadehh,aduh
cepeet,cepat
benerin,perbaiki
lo,kamu
adaaa,ada
ket,keterangan
dahhhhhhhhh,deh
hadahhhhhhhh,aduh
diangakt,diangkat
baperan,bawa perasaan
makaci,terima kasih
slay,keren
skibidi,[slang tidak ada arti]
rizz,keren
sigma,keren
nemenin,menemani
temenin, menemani
mager,malas gerak
bucin,budak cinta
mantul,mantap betul
pansos,panjat sosial
japri,jaringan pribadi
sabi,bisa
kepo,ingin tahu segala hal
gabut,bosan
goks,lucu
cans,cantik
gans,ganteng
gils,gila
monmaap, mohon maaf
sefruit, sebuah
salty,bete
savage,keren
jamber,jam berapa
soms,sombong
bokem,bocah kematian
demek,lembab
bokis,bohong
bacot,banyak omong
beti,beda tipis
bokin,pacar
boljug,boleh juga
cabut,pergi
slay,keren
slay,keren
slay,keren
slay,keren
ketum,ketua umum
sampe,sampai
dgn,dengan
org,orang
karna,karena
tu,itu
haha,hahaha
jd,jadi
jg,juga
resto,restoran
jgn,jangan
trus,terus
mba,mbak
rs,rumah sakit
sm,sama
dg,dengan
tdk,tidak
sdh,sudah
makasih,terima kasih
jln,jalan
rm,rumah makan
skrg,sekarang
krn,karena
blm,belum
tetep,tetap
kemana,ke mana
yaaa,ya
malem,malam
sy,saya
komplek,kompleks
cm,cuma
segini,sebegini
bs,bisa
adek,adik
kab,kabupaten
mulu,melulu
ngantuk,mengantuk
hahahaha,hahaha
milih,memilih
ntar,sebentar
seneng,senang
belom,belum
ongkir,ongkos kirim
males,malas
sholat,salat
kemaren,kemarin
ngapain,sedang apa
nyari,mencari
kec,kecamatan
aq,aku
bio,biodata
kesini,ke sini
dpt,dapat
tpi,tetapi
asik,asyik
dlu,dulu
ngerti,mengerti
bg,bang
cepet,cepat
inget,ingat
warkop,warung kopi
1009mb,1009 mb
maen,main
dirumah,di rumah
diatas,di atas
msh,masih
disana,di sana
ad,ada
ustadz,ustaz
dejavu,deja vu
26c,26 c
eu,eropa
kl,kalau
kerjaan,pekerjaan
trs,terus
27c,27 c
prov,provinsi
25c,25 c
kasian,kasihan
dri,dari
jdi,jadi
28c,28 c
makeup,make up
st,stasiun
disaat,di saat
jan,januari
masi,masih
td,tadi
dibawah,di bawah
teman2,teman-teman
5kmh,5 kmh
hmmm,hmm
anak2,anak-anak
kaltim,kalimantan timur
ngobrol,mengobrol
aj,saja
laper,lapar
1008mb,1008 mb
fb,facebook
orang2,orang-orang
cowo,cowok
insyaallah,insya allah
24c,24 c
ngajak,mengajak
dll,dan lain-lain
mm,hmm
fm,football manager
1011mb,1011 mb
okay,oke
slalu,selalu
keliatan,kelihatan
cobain,mencoba
baper,bawa perasaan
ngerasa,merasa
huhu,huhuhu
29c,29 c
adha,ada
diantara,di antara
tiba2,tiba-tiba
komen,komentar
pinter,pintar
ultah,ulang tahun
nemu,menemukan
ilang,hilang
smoga,semoga
yaallah,ya allah
nambah,menambah
diluar,di luar
dj,disk jokey
bodo,bodoh
ato,atau
tl,timeline
mager,malas bergerak
wkwkwkw,hahaha
hj,haji
thn,tahun
shalat,salat
ttg,tentang
jga,juga
mt,mati
ttp,tetap
smua,semua
bucin,budak cinta
hahah,hahaha
curhat,curahan hati
indo,indonesia
bkn,bukan
poto,foto
sempet,sempat
jkt,jakarta
nobar,nonton bareng
skrng,sekarang
bosen,bosan
sebenernya,sebenarnya
lbh,lebih
kepikiran,terpikir
des,desember
syg,sayang
gara2,gara-gara
barokah,berkah
pingin,ingin
sama2,sama-sama
warunk,warung
nyobain,mencoba
jateng,jawa tengah
ngumpul,berkumpul
0kmh,0 kmh
nemenin,menemani
alloh,allah
kedepan,ke depan
kanwil,kantor wilayah
dtg,datang
feb,februari
sumsel,sumatera selatan
kalbar,kalimantan barat
mikirin,memikirkan
kesana,ke sana
iyaaa,iya
30c,30 c
bgst,bangsat
nnti,nanti
disitu,di situ
mw,mau
dipake,dipakai
nov,november
pp,pulang-pergi
satu2nya,satu-satunya
ngerasain,merasakan
sya,saya
hrs,harus
23c,23 c
postingan,post
plg,pulang
ayok,ayo
byk,banyak
sambel,sambal
ijo,hijau
apa2,apa-apa
pagi2,pagi-pagi
berfikir,berpikir
didalam,di dalam
makasi,terima kasih
tdr,tidur
ngeluh,mengeluh
bukber,buka bersama
ditempat,di tempat
kerasa,terasa
gegara,gara-gara
serem,seram
kp,kerja praktek
mutualan,mutual
31c,31 c
yaaaa,ya
dimanapun,di mana pun
nyoba,mencoba
hahahah,hahaha
gemes,gemas
hahahahaha,hahaha
nyo,ayo
didepan,di depan
sultra,sulawesi tenggara
alay,anak layangan
pesen,pesan
2x,dua kali
kg,kilogram
ska,suka
suka2,suka-suka
wkwkkw,hahaha
ruko,rumah toko
tida,tidak
hape,handphone
skali,sekali
semalem,semalam
emng,emang
kito,kita
halu,halusinasi
jt,juta
akutu,aku itu
mmg,memang
klu,kalau
yukk,ayo
ntah,entah
orng,orang
app,aplikasi
jak,jakarta
pakek,pakai
bru,baru
ori,original
pilpres,pemilihan presiden
sholeh,saleh
orangtua,orang tua
atjeh,aceh
kerjasama,kerja sama
ngapa,mengapa
tb,tiba
ngerjain,mengerjakan
cp,capai
pr,pekerjaan rumah
doain,doakan
ulakkarang,ulak karang
sumut,sumatera utara
17cm,17 cm
spt,seperti
jatim,jawa timur
aktifitas,aktivitas
ap,apa
nahan,menahan
1017mb,1017 mb
ayoo,ayo
hiya,hai
drpd,daripada
pantes,pantas
1012mb,1012 mb
nego,negosiasi
sblm,sebelum
komp,komputer
dl,dulu
lt,lantai
pk,pakai
ijin,izin
bsk,besok
mk,maka
sodara,saudara
blum,belum
idup,hidup
usa,usah
bem,badan eksekutif mahasiswa
pemprov,pemerintah provinsi
tmn,teman
dijalan,di jalan
pkl,pukul
rmh,rumah
yaampun,ya ampun
pendikar,pendekar
sj,saja
segitu,sebegitu
lngsng,langsung
tsb,tersebut
ditengah,di tengah
dy,dia
kw,kualitas
babybenz,baby benz
dibidang,di bidang
baik2,baik-baik
1018mb,1018 mb
yuks,ayo
apo,apa
ver,versi
tdi,tadi
plt,pelaksana tugas
wkwkwkwkwk,hahaha
ortu,orang tua
hahaa,hahaha
kampoeng,kampung
fav,favorit
os,operating system
jw,jiwa
liatin,lihatkan
pulo,pulau
catering,katering
taqwa,takwa
pb,point blank
bgtu,begitu
muaro,muara
kira2,kira-kira
apasih,apa
nyambung,menyambung
kopdar,kopi darat
106m,106 m
naek,naik
dibelakang,di belakang
ud,sudah
dps,denpasar
nabung,menabung
mancing,memancing
maksa,memaksa
wrna,warna
bbrp,beberapa
tkg,tukang
bli,beli
pulak,pula
uwu,lucu
yoo,ayo
lagii,lagi
cpt,cepat
nyangka,menyangka
ayooo,ayo
mabok,mabuk
mantep,mantap
sllu,selalu
siap2,siap-siap
mkn,makan
tlah,telah
ajalah,saja-lah
rsia,rahasia
cmn,cuman
ahhh,ah
sihh,sih
dongg,dong
disetiap,di setiap
nelpon,menelepon
leh,lah
nich,ini
anying,anjing
biarin,biarkan
nyuruh,menyuruh
lp,lupa
difoto,di foto
kawan2,kawan-kawan
mbk,mbak
foto2,foto-foto
benar2,benar-benar
mrk,mereka
dikala,di kala
msih,masih
kpn,kapan
telp,telepon
mayan,lumayan
wkwkk,hahaha
diluaran,di luaran
tlp,telepon
ds,desa
hadeh,aduh
nnton,menonton
hayu,ayo
notif,notifikasi
jugak,juga
ibu2,ibu-ibu
ngambil,mengambil
ihh,ih
bln,bulan
temenku,temanku
putera,putra
dpn,depan
bangke,bangkai
wqwq,hahaha
laen,lain
wktu,waktu
ank,anak
yauda,iya sudah
bathin,batin
enakan,lebih enak
bdg,Bandung
hati2,hati-hati
yukkk,ayo
boong,bohong
ketemuan,bertemu
becanda,bercanda
pdhal,padahal
laki2,laki-laki
seringkali,sering kali
yng,yang
mreka,mereka
nagih,menagih
yaah,yah
diliat,dilihat
hehehehe,hahaha
trima,terima
apaa,apa
waena,wah enak
macem,macam
ngantor,ke kantor
gratisss,gratis
kambingbuntutdaging,kambing buntut daging
sll,selalu
bete,bosan total
ngeselin,mengesalkan
ay,sayang
malming,malam minggu
pku,pusat kesehatan umum
sr,senior
fotoin,memotretkan
banyakin,dibanyaki
ngucapin,mengucapkan
mudah2an,mudah-mudahan
lewati,melewati
tidor,tidur
oleh2,oleh-oleh
hahahahah,hahaha
nyantai,bersantai
ngisi,mengisi
sndiri,sendiri
ngetik,mengetik
cma,cuman
kerjo,kerja
drg,dokter gigi
ngetweet,membuat tweet
nerima,menerima
maafin,maafkan
kraton,keraton
gatel,gatal
jagain,menjaga
nyerah,menyerah
300rb,300 ribu
jelasin,menjelaskan
hal2,hal-hal
nolak,menolak
japri,jalur pribadi
megang,memegang
spd,sarjana pendidikan
nasgor,nasi goreng
prnh,pernah
ngumpulin,mengumpulkan
untk,untuk
ngantri,mengantri
jingan,bajingan
ngejar,mengejar
slamat,selamat
ponsel,telepon selular
petrus,pepet terus
jr,junior
grgr,gara-gara
hrus,harus
yahhh,yah
1x,sekali
haii,hai
bumil,ibu hamil
pede,percaya diri
10km,10 kilometer
dikamar,di kamar
taon,tahun
fikiran,pikiran
lohh,lho
jm,jam
ngatain,mengatai
fk,fakultas kedokteran
100k,100 ribu
dimasa,di masa
yaaaaa,iya
syantik,cantik
jadiin,jadikan
ajakin,mengajak
hri,hari
laah,lah
hahha,hahaha
smpai,sampai
hayuk,ayo
genk,geng
adoh,aduh
hahahaa,hahaha
rasah,rasa
dehh,deh
ngatur,mengatur
bapak2,bapak-bapak
wkwkwkwkw,hahaha
ngirim,mengirim
berenti,berhenti
jalanin,menjalani
wkwkwkkw,hahaha
kebalik,terbalik
ketum,ketua umum
sebrang,seberang
nanyain,menanyakan
ngampus,ke kampus
alus,halus
dimata,di mata
bks,bekas
agan,juragan
kurangi,mengurangi
ngeluarin,mengeluarkan
hnya,hanya
brigjen,brigadir jenderal
juve,juventus
ngabisin,menghabiskan
skli,sekali
kaki2,kaki-kaki
mcm,macam
dolo,dulu
didalamnya,di dalamnya
ngajar,mengajar
lakuin,lakukan
hayoo,ayo
ditahun,di tahun
ditanyain,ditanyai
ndut,gendut
uga,juga
bsok,besok
mentri,menteri
saia,saya
bermacam2,bermacam-macam
matiin,matikan
hu,huhuhu
sehat2,sehat-sehat
skarang,sekarang
sprti,seperti
lau,kalau
soale,soalnya
ditemenin,ditemani
nopember,november
dpat,dapat
kedalam,ke dalam
hahahahahaha,hahaha
hbs,habis
mn,mana
diantaranya,di antaranya
nyetir,menyetir
okey,oke
trims,terima kasih
kalok,kalau
cb,coba
kebawa,terbawa
kenalin,kenalkan
kakk,kak
idung,hidung
bw,bawa
ngikut,mengikuti
dibales,dibalas
nengok,menengok
jatoh,jatuh
udahlah,sudahlah
8th,8 tahun
mangat,semangat
kann,kan
brarti,berarti
bapakibu,bapak ibu
dkt,dekat
kerjaannya,pekerjaannya
anter,antar
mauuu,mau
mauu,mau
minjem,pinjam
kemanapun,ke manapun
dijadiin,dijadikan
slmt,selamat
rekan2,rekan-rekan
trnyata,ternyata
jngan,jangan
pemko,pemerintah kota
haloo,halo
seriusan,serius
haduh,aduh
kebanggan,kebanggaan
tks,terima kasih
hayooo,ayo
dikota,di kota
sja,saja
saos,saus
tambahin,menambahkan
ujung2nya,ujung-ujungnya
mosok,masa
gantian,bergantian
darimana,dari mana
adik2,adik-adik
rakor,rapat koordinasi
silaturrahmi,silaturahmi
pg,pagi
wkkwkw,hahaha
akhir2,akhir-akhir
kesian,kasihan
depo,depot
dikantor,di kantor
tuu,itu
kadis,kepala dinas
perna,pernah
ngangenin,mengangeni
dlingo,Duo Lingo
emangnya,memangnya
smga,semoga
kebawah,ke bawah
gn,begini
pnya,punya
allahuakbar,allahu akbar
fpi,front pembela islam
ngalamin,mengalami
pda,pada
ceritain,ceritakan
kerjain,kerjakan
emot,emote
bisaa,bisa
uuu,huhuhu
adlh,adalah
bhs,bahas
aminnn,amin
ngerokok,merokok
gunungkidul,gunung kidul
sdg,sedang
tanya2,tanya-tanya
motoin,memfotokan
marah2,marah-marah
algo,algoritme
balaikota,balai kota
dept,departemen
stlh,setelah
ksr,kasar
pinjem,pinjam
haiii,hai
mngkin,mungkin
bosss,bos
jeung,jeng
bwt,buat
luruuss,lurus
keatas,ke atas
itupun,itu pun
tebel,tebal
5x,5 kali
ngomongnya,omongannya
menpar,kementrian pariwisata
wahab,wahabi
nyebrang,menyebrang
disekitar,di sekitar
ngidam,mengidam
kdg,kadang
yutub,youtube
kmrin,kemarin
kramat,keramat
jugo,juga
brapa,berapa
hongkong,hong kong
motret,memotret
pokonya,pokoknya
tf,tensorflow
sedikitpun,sedikit pun
roemah,rumah
kakak2,kakak-kakak
bgini,begini
yaaah,yah
yach,yah
numpuk,menumpuk
sdah,sudah
kebelakang,ke belakang
ngamuk,mengamuk
kwkwkw,hahaha
gratisan,gratis
nanggung,tanggung
mls,malas
wkwkwkk,hahaha
istora,istana olah raga
bolang,bocah petualang
ksh,kasih
tkp,tempat kejadian perkara
kls,kelas
samaa,sama
nganti,mengantri
ngalah,mengalah
jugaaa,juga
iqro,iqra
rapih,rapi
ngedit,mengedit
tauu,tahu
ngelakuin,melakukan
ucapin,ucapkan
wkt,waktu
tunjukan,tunjukkan
maem,makan
pdt,padat
yaak,iya
main2,main-main
tlg,tolong
semuaa,semua
istighfar,istigfar
nurut,menurut
qu,ku
dpc,dewan pimpinan cabang
ngilangin,menghilangkan
nihhh,ini
galo,galau
iyoo,iya
rata2,rata-rata
tepar,terkapar
jend,jendral
kamuu,kamu
bagi2,bagi-bagi
50k,50000
nyebut,menyebut
tentrem,tentram
sintesa,sintesis
masa2,masa-masa
tungguin,menunggu
lwat,lewat
psti,pasti
onlen,online
tpu,tempat pemakaman umum
spn,surat pembendaharaan negara
satgas,satuan tugas
cita2,cita-cita
skalian,sekalian
pait,pahit
pny,punya
keseringan,terlalu sering
udahan,sudahan
resleting,ritsleting
makasar,makassar
bgitu,begitu
brrti,berarti
4x,4 kali
ips,ilmu pengetahuan sosial
15k,15000
lanjutin,lanjutkan
pelakor,perebut lelaki orang
paslon,pasangan calon
sekali2,sekali-sekali
tau2,tahu-tahu
jangan2,jangan-jangan
selebgram,selebriti instagram
dimarahin,dimarahi
ngalahin,mengalahkan
yt,youtube
malam2,malam-malam
kulineran,berkuliner
skrang,sekarang
apus,hapus
semangatt,semangat
cr,cara
tdak,tidak
akn,akan
kominfo,komunikasi dan informasi
kao,kau
gile,gila
nnt,nanti
adekku,adikku
ituuu,itu
bgmn,bagaimana
anjirrr,anjir
atw,atau
maqna,makna
mahluk,makhluk
shubuh,subuh
menghianati,mengkhianati
mksdnya,maksudnya
anjirr,anjir
lbih,lebih
benerin,benarkan
bangun2,bangun-bangun
nari,menari
kabid,kepala bidang
cawapres,calon wakil presiden
hmmmmm,hm
lagu2,lagu-lagu
diliatin,diperlihatkan
aah,ah
atu,satu
jakpus,jakarta pusat
hmi,himpunan mahasiswa indonesia
dishub,dinas perhubungan
diawal,di awal
ketempat,ke tempat
k3,ketiga
lansung,langsung
lohhh,lho
bedain,membedakan
diajarin,diajarkan
akuh,aku
nyariin,mencarikan
daan,dan
tnggu,tunggu
kreatifitas,kreativitas
woii,woi
hahhaa,haha
hti,hati
diacara,di acara
adk,arsip data komputer
mbanya,mbaknya
nyimak,menyimak
smlm,semalam
halooo,halo
tanyain,tanyakan
dongs,dong
sesok,esok
diujung,di ujung
ingetin,ingatkan
heuheu,hehe
ala2,ala-ala
assalammualaikum,assalamualaikum
baiq,baik
apaaa,apa
okeh,oke
telfon,telepon
paketan,paket
yuuuk,ayo
smuanya,semuanya
siapp,siap
lgsung,langsung
duhhh,aduh
anjg,anjing
sia2,sia-sia
nginap,menginap
aneh2,aneh-aneh
mampet,mampat
masalalu,masa lalu
buru2,buru-buru
dilakuin,dilakukan
nyalain,menyalakan
sni,sini
insom,insomnia
ngadepin,menghadapi
dgr,dengar
itam,hitam
siii,sih
nyindir,menyindir
wahaha,hahaha
dipikirin,dipikirkan
bukittinggi,bukit tinggi
25tahun,25 tahun
25th,25tahun
amiiin,amin
costum,kostum
bisaaa,bisa
20k,20000
latian,latihan
ormas,organisasi massa
ancur,hancur
dimalam,di malam
allhamdulillah,alhamdulillah
kwalitas,kualitas
pesenan,pesanan
ngebayangin,membayangkan
snorkling,snorkeling
nyesal,menyesal
saudara2,saudara-saudara
jones,jomblo mengenaskan
heyy,hey
pltu,pembangkit listrik tenaga uap
kluarga,keluarga
sensi,sensitif
disebelah,di sebelah
ngotot,mengotot
banyak2,banyak-banyak
blh,boleh
hha,haha
ngitung,menghitung
pgi,pagi
stelah,setelah
tosca,toska
semangattt,semangat
ashar,asar
ngentot,mengentot
degdegan,deg-degan
yuu,ayo
udeh,sudah
matkul,mata kuliah
kurangin,kurangi
beda2,beda-beda
standart,standar
dikampus,di kampus
aamin,amin
ipk,indeks prestasi kumulatif
batre,baterai
donlot,download
dibeliin,dibelikan
kakkk,kak
kanaan,kanan
basudara,bersaudara
temans,teman
pileg,pilek
ahhhh,ah
woiii,woi
mensukseskan,menyukseskan
pikirin,pikirkan
aseli,asli
senengnya,senangnya
ngutang,berhutang
bulutangkis,bulu tangkis
instal,install
aduhh,aduh
hehee,hahaha
keluarin,keluarkan
indonesias,indonesia
maacih,terima kasih
gosah,tidak usah
tinggalin,tinggalkan
syech,syekh
warong,warung
kebuka,terbuka
bosque,bos
waroenk,warung
nyangkut,menyangkut
terusss,terus
nganu,menganu
ngobrolin,mengobrol
muke,muka
akoh,aku
hahahhaa,hahaha
haaa,ha
tyda,tidak
warteg,Warung Tegal
padasuka,pada suka
dilapangan,di lapangan
disitulah,di situlah
hrg,harga
ayoooo,ayo
jb,Jual Beli
sedi,sedih
ngunyah,mengunyah
njing,anjing
10rb,10 ribu
yeh,ya
kasihhh,kasih
polwan,polisi wanita
sahabat2,sahabat-sahabat
luarbiasa,luar biasa
lupain,lupakan
somay,siomay
acheh,aceh
gassss,gas
syang,sayang
cariin,carikan
kwkw,hahaha
wqwqwq,hahaha
kliatan,kelihatan
hadeuh,aduh
ttd,tertanda
dimna,di mana
samasama,sama-sama
tanggungjawab,tanggung jawab
djakarta,jakarta
nyanyiin,menyanyikan
kabupatenkota,kabupaten kota
pdahal,padahal
cucok,cocok
kalii,kali
dilain,di lain
cantiq,cantik
jwb,jawab
meluk,memeluk
bkan,bukan
inih,ini
plng,pulang
lngsung,langsung
kejepit,terjepit
anggep,anggap
dhe,deh
karoke,karaoke
seruuu,seru
ummah,umat
diomongin,diomongi
walo,walau
eneg,enek
xixixi,hahaha
woyy,oi
narik,menarik
prnah,pernah
hhe,haha
ajig,anjing
naksir,menaksir
laaah,lah
allaah,allah
betol,betul
hny,hanya
mmng,memang
hedon,hedonisme
dapoer,dapur
bgus,bagus
stiap,setiap
gank,gang
terosss,terus
dibilangin,dibilangi
udahh,udah
smbil,sambil
doong,dong
iyak,iya
nutup,menutup
yuukk,yuk
lhooo,loh
pagiiii,pagi
masok,masuk
nganterin,mengantar
mnjadi,menjadi
cobak,coba
telponan,menelpon
semuaaa,semua
perhatiin,perhatikan
tuhh,itu
oey,oi
muncak,memuncak
kalean,kalian
hasilnyaaa,hasilnya
disekolah,di sekolah
jastip,jasa titip
insyaa,insya
tuch,itu
ngebuat,membuat
motong,memotong
beresin,membereskan
buatin,buatkan
kannn,kan
nawarin,menawarkan
yasudah,ya sudah
nyanding,menyanding
doh,aduh
gilaaa,gila
nyalakan,menyalakan
ngulang,mengulang
ngintip,mengintip
mantau,memantau
astagaaa,astaga
bhw,bahwa
samaaa,sama
hahahahahahaha,hahaha
dengernya,dengarnya
kelaperan,kelaparan
sdr,saudara
dikirimin,dikirimkan
msuk,masuk
jajaja,hahaha
smangat,semangat
msk,masuk
bambank,bambang
mauuuu,mau
binggung,bingung
itung,hitung
lagiiii,lagi
anterin,antarkan
bosqu,bosku
bukak,buka
mslh,masalah
bngst,bangsat
dilombok,di lombok
nyapa,menyapa
sulthan,sultan
kamuuu,kamu
ngakunya,mengakunya
kwkwk,hahaha
kocheng,kucing
mlati,melati
beranih,berani
trlalu,terlalu
suru,suruh
nipu,tipu
salahin,salahkan
tuiter,twitter
iyain,iyakan
heheheh,hahaha
ughtea,ukhti
slh,salah
aduhhh,aduh
pegi,pergi
maennya,mainnya
yekan,yakan
nyicil,menyicil
hbis,habis
milyar,miliar
kebeli,terbeli
mesen,pesan
kejebak,terjebak
tumpa,tumpah
kaks,kak
mbak2,mbak-mbak
difotoin,difoto
ditinggalin,ditinggalkan
cntik,cantik
hahahahaa,hahaha
simpen,simpan
mbaaa,mbak
dirumah,di rumah
drmh,dirumah
nmr,nomor
boemi,bumi
nyempil,menyempil
dngn,dengan
mekdi,mcd
abng,abang
sebelom,sebelum
gangguin,ganggu
ngelihat,melihat
wkwwk,hahaha
tul,betul
mantapp,mantap
elek,jelek
bissmillah,bismillah
parpol,partai politik
ajh,aja
dlam,dalam
akuuuu,aku
oya,iya
profdr,prof dr
mengkonsumsi,mengonsumsi
urusin,urusi
ngabarin,mengabari
maenan,mainan
nyet,monyet
keringetan,berkeringat
pamutusan,pemutusan
dikampung,di kampung
bngun,bangun
dann,dan
km,kilometer
pake,pakai
tp,tapi
bgt,begitu
org,organisasi
ngopi,mengopi
tgl,tinggal
bio,biologi
knp,kenapa
st,stasiun
nipu,menipu
del,delete
masa bodo,masa bodoh
hj,haji
thn,tahan
mt,mata
ttp,tetapi
tp,tipu
bts,batas
kepikiran,terpikirkan
diaplikasi,diaplikasikan
ngumpul,mengumpul
kebon,kebun
kel,keluarga
kt,kata
bb,berat badan
bb,blackberry
bb,buka-bukaan
ml,machine learning
2x,2 kali
bru,baru
bales,balas
doain,mendoakan
makanya,maka dari itu
tmn,taman
pkl,pedagang kaki lima
rmh,rumah
kw,kilowatt
jw,jawa
bangett,banget
blk,balik
fak,fuck
kgn,kangen
7 kmh,7 kilometer per hour
ngechat,mengechat
etc,Et cetera
mz,ms
ms,mas
mv,music video
gaenak,ga enak
decor,decoration
skg,skrg
skrg,sekarang
gitu,begitu
idk,i dont know
oiya,o iya
o iya,oh iya
gausa,ga usa
ga usa,ga usah
bnget,banget
sngt,sangat
bodoamat,bodo amat
mabar,main bareng
fams,family
bgsd,bgst
bgst,bangsat
bigmall,big mall
ol shop,online shop
klean,klian
emyu,MU
MU,Manchester United
yesss,yes
mohon maap,mohon maaf
doank,doang
pahami,memahami
nyadar,sadar
ngupi,ngopi
ngopi,minum kopi
ktmu,ketemu
5 k,5 kilo
nginep,nginap
nginap,menginap
yay,yeay
dmna,d mna
d mna,di mana
tw,th
th,tahu
bangettt,banget
yuks,ayo
dd,adek
mksh,makasih
makasih,terima kasih
ngadain,ngadakan
ngadakan,mengadakan
nyoblos,coblos
fyi,for your information
bangunin,bangunkan
kemana2,kemana-mana
kemana-mana,ke mana-mana
nyalahin,nyalahkan
nyalahkan,menyalahkan
bawain,bawakan
baperan,ba peran
ngaca,berkaca
mbaa,mba
yakk,ya
30s,30 s
30 s,30 second
duhh,duh
nyebelin,menyebalkan
lom,belum
ngingetin,mengingatkan
nyakitin,menyakiti
ikutin,mengikuti
alamin,mengalami
gbu,god bless you
gajelas,ga jelas
hq,headquarter
sat nite,saturday nite
saturday nite,saturday night
d sni,di sini
orgnya,orangnya
kmaren,kmarin
kmarin,kemarin
gmana,gimana
yooo,yo
pngen,pingin
ootd,outfit of the day
gimna,gimana
gimana,bagaimana
yk,yok
yok,ayo
saay,say
say,sayang
paan,apaan
apaan,apa
nyenengin,menyenangkan
gx,gak
pngn,pingin
mksih,makasih
makasih,terima kasih
ntn,nonton
nonton,tonton
dahh,dah
dah,sudah
k mn,ke mana
ngeliatin,melihat
bner,bener
bener,benar
ustadz abdul somad,ustaz abdul somad
depe,dp
dp,down payment
fgd,focus group discussion
telepon wa,telepon whatsapp
pasih,apasih
pasih,apa sih
hitz,hits
cwek,cewek
mee,me
adek-adek,adik-adik
adek2,adek-adek
cuz,because
tiati,atiati
atiati,ati-ati
ati-ati,hati-hati
tmn2,teman2
teman2,teman-teman
sooo,so
gaa,ga
sbb,maaf baru balas
bntr,bentar
bentar,sebentar
pjg,pnjng
pnjng,panjang
bct,bacot
bocil,bocah cilik
gabole,ga bole
ga bole,ga boleh
yey,yeah
apal,afal
afal,hafal
tenkyu,thankyou
bget,banget
satnight,sat night
sat night,saturday night
pliss,please
puede,pede
pede,percaya diri
lngsng,langsung
bcs,because
ngefans,fans
mlaku,melaku
cwo,cowo
folbek,followback
kuyyy,kuy
marahin,memarahi
yaudahlah,ya udahlah
ya udahlah,ya sudahlah
gapake,ga pake
skrng,sekarang
mblo,jomblo
jgan,jangan
maapin,maafkan
gituuu,gitu
gitu,begitu
rapopo,ra po po
ra po po,ora opo opo
bilangin,bilang
bgtt,banget
bngt,banget
nyemil,mengemil
balikin,kembalikan
ngebacot,bacot
boking,booking
anjir,anjir
njir,anjir
y,iya
bareng2,bareng-bareng
guysss,guys
nunjukin,menunjukkan
pcx,pack
dimana2,dimana-mana
dech,dah
dah,sudah
makan2,makan-makan
kepake,terpake
deg2an,deg-degan
ngebolam,bolang
120rb,120 rb
120 rb,120 ribu
smo,smp
smp,sampai
bruh,bro
bro,brother
liat2,lihat2
lihat2,lihat-lihat
sering2,sering-sering
nontonin,menonton
ttep,tetep
ttp,tetap
gakuat,ga kuat
sprei,seprai
kotagede,kota gede
yokk,yo
yo,ayo
kuingin,akuingin
akuingin,aku ingin
jng,jngn
jngn,jangan
ngomel,mengomel
panas2,panas-panas
gf,girl friend
otewe,ontheway
edt,edit
tbh,to be honest
kpn,kapan
beud,banget
looo,kamu
ciwi,cewe
bgttt,banget
110 cm,110 centimeter
fakenail,fake nail
niii,ni
ni,ini
collab,collaboration
yasinan,yasin
yasinan,membaca yasin
manteman,temanteman
man-teman,teman-teman
rangorang,orangorang
orangorang,orang-orang
gangerti,ga ngerti
ga ngerti,ga mengerti
jaim,ja im
ja im,jaga image
happines,happiness
makasii,makasih
makasih,terimakasih
yuuu,yo
yo,ayo
makasihhh,makasih
makasih,terima kasih
20rb,20 rb
20 rb,20 ribu
bikinin,buatkan
nyender,menyandar
ngmng,ngomong
cz,cause
cause,because
ngedate,date
wellcome,welcome
samperin,menyamperi
plisss,please
500rb,500 rb
500 rb,500 ribu
skuad,squad
goodluck,good luck
fakboi,fuck boy
bagus2,bagus-bagus
satu2,satu-satu
jarang2,jarang-jarang
kuyyy,kuy
kuy,yuk
gw,saya
gaes,guys
komen,berkomentar
plg,plng
ngegas,mengegas
testi,testimoni
200rb,200 rb
Yogya,Yogyakarta
Jogja,Yogya
nangis,menangis
1010mb,1010 mb
iyaa,iya
srby,surabaya
sby,surabaya
bpk,bapak
bp,bapak
plis,please
nntn,nonton
php,pemberi harapan palsu
kcp,kecap
17 thn,17 tahun
17thn,17 tahun
17 th,17 tahun
bagaimanapun,bagaimana pun
hahaha,wkwkkwkw
t4,tempat
60ribu,60 ribu
60rb,60 rb
60 rb,60 ribu
keempat,ke empat
daritadi,dari tadi
bedua,berdua
naikturun,naik turun
pabji,PUBG
pcs,pieces
ajg,anjing
kyknya,kayaknya
nggk,enggak
enggakpunya,enggak punya
bensu,Ruben Onsu
bai,bye
gwa,saya
unfoll,unfollow
ta kan,tak akan
takan,ta kan
req,request
ga,enggak
i'm,i am
im,i'm
wkwkwk,hahaha
pake,memakai
pengen,ingin
tp,ttp
2kmh,2 kmh
bgt,banget
gw,saya
1 kmh,1 kilometer per hour
1kmh,1 kmh
kalo,kalau
klo,kalo
tuh,itu
nggak,enggak
3 kmh,3 kilometer per hour
3kmh,3 kmh
nggk,enggak
gk,nggk
ngga,enggak
ko,kok
hehe,hahaha
vs,versus
wkwkw,hahaha
bgt,begitu
gt,begitu
memg,memang
gatau,ga tau
mikir,pikir
nanya,tanya
gabisa,ga bisa
yuk,ayo
kuy,ayo
knp,kenapa
ne,ini
gaes,guys
bgmn,bagaimana
yaudah,ya udah
kyk,kayak
jo,ojo
ur,your
ga pa pa,enggak apa-apa
gapapa,ga pa pa
gtu,begitu
beb,baby
ga mau,enggak mau
gamau,ga mau
del,delete
ngak,enggak
ga ada,enggak ada
kaga,kagak
ga usah,enggak usah
su,asu
thx,thanks
smpe,sampai
kayanya,kayaknya
ajah,saja
max,maximum
nunggu,menunggu
keknya,kayaknya
blg,berkata
blang,bilang
teman2,teman-teman
temen2,teman2
bener2,benar2
kos,indekos
bday,birthday
nggk,enggak
ngk,nggk
neh,ini
kt,kita
qt,kt
bt,boring time
congrats,congratulations
bb,baby
ml,make love
kosan,indekos
ms,yang benar
nyesel,menyesal
ajaa,saja
pgn,pingin
bgmna,bagaimana
gmna,bagaimana
wkw,wkwkwk
d mn,di mana
ga pernah,enggak pernah
gapernah,ga pernah
mantul,mantap sekali
knpa,kenapa
bby,baby
rmv,remove
tb-tb,tiba-tiba
tbtb,tb-tb
acc,accord
pake,pakai
pke,pake
sdh,sudah
dh,sdh
sbntr,sebentar
liatnya,melihat -nya
nihh,ini
wkwkwk,hahaha
wk,wkwkwk
ga suka,enggak suka
gasuka,ga suka
ndk,tidak
trima kasih,terima kasih
trimakasih,terima kasih
nikmatin,menikmati
kmren,kemarin
beliin,belikan
ngajak,mengajak
ngajakin,ngajak
bantuin,bantu
temen,teman
temenan,teman
ninggal,meninggalkan
ninggalin,ninggal
kalaw,kalau
klw,kalau
ngurus,mengurusi
kzl,kesal
balek,balik
ngikuti,mengikuti
thank u,terima kasih
tq,terima kasih
gaess,guys
yess,yes
gws,get well soon
gajadi,ga jadi
ngarep,harap
551pm,511 pm
temeni,temani
ngasi,mengasih
gais,guys
tetiba,tiba-tiba
muter,berputar
keinget,teringat
552pm,552 pm
bm,black money
hepi,happy
brader,brother
kya,kayak
gaesss,guys
kyak,kayak
jadul,jaman dulu
slamet,selamat
bgni,begini
emak2,emak-emak
op,operator
egp,emang gue pikirin
ojol,ojek online
kel,kelurahan
satker,satuan kerja
gabut,bosan
jaksel,Jakarta Selatan
medsos,sosial media
nyampah,menyampah
og,original
wrwb,warahmatullahi wabarakatuh
gr,gara-gara
yth,yang terhormat
copas,copy paste
ppsu,penanganan sarana dan prasarana umum
gatsu,gatot subroto
gercep,gerak cepat
sd,sekolah dasar
ponpes,pondok pesantren
vid,video
satpol,satuan polisi
baksos,bakti sosial
lahiran,melahirkan
temenin,temeni
cobain,cobalah
kabarin,kabari
ginian,gini
lewatin,melewati
ngaruh,berpengaruh
salfok,salah fokus
maskeran,memakai masker
dengerin,dengarkan
nontonnya,menontonnya
ngamen,mengamen
jauhin,menjauhi
nyusahin,menyusahkan
ngebebanin,membebani
senyumin,memberi senyum
siapin,siapkan
pantengin,pantengi
bayarin,membayarkan
kepengen,pengen
mainin,mainkan
deketin,mendekati
diajakin,diajak
masukin,masuk
dimasukin,dimasukkan
munculin,memunculkan
ngaku,mengaku
ajarin,ajar
mimpiin,memimpikan
dengerin,mendengarkan
dikerjain,dikerjakan
arts,artis
kpd,kepada
mnta,minta
sbnrnya,sebenarnya
sbnarnya,sebenarnya
kntl,kontol
dn,dan
cpet,cepet
sbg,sebagai
bangke,bangkai
seger,segar
ksl,kesal
lgi,lagi
km,kamu
btl,betul
mnbung,menabung
brg,barang
pdh,pedih
jngkar,jangkar
jngkir,jungkir
pnting,penting
150rb,150 ribu
tmpat,tempat
tnmn,tanaman
dsini,disini
350rb,350 ribu
kkk,kakak
mkanan,makanan
bth,butuh
sob,bos
skuy,yuks
gini,begini
koyo,koyok
nggo,monggo
masing2,masing-masing
lalui,melalui
ujan,hujan
gini,begini
sala lu,salah lu
gub,gubernur
duh,aduh
ngurus,mengurus
naikin,menaikkan
testi,testimony
pura2,pura-pura
cewe,cewek
skr,skrng
ky,kyk
gaje,gajelas
sadari,menyadari
tmpt,tempat
maba,mahasiswa baru
temani,menemani
mon maap,mohon maap
yaudahlah,yasudahlah
gmn,bagaimana
jauh2,jauh-jauh
siang2,siang-siang
ga boleh,enggak boleh
dih,idih
ya udah,ya sudah
lsg,lngsng
rame2,rame-rame
folback,followback
ya,iya
numpang,menumpang
ngarap,berharap
thru,through
jalan2,jalan-jalan
temennya,teman-nya
koffie,kopi
beraktifitas,beraktivitas
rejekinya,rezekinya
horison,horizon
santuy,santai
adeknya,adiknya
bakmie,bakmi
velg,pelek
nite,night
denger,dengar
jamannya,zamannya
jowo,jawa
sallam,salam
sumpahhh,sumpah
ehhh,eh
yuhuuu,yuhu
kedhai,kedai
oom,om
callwa,call wa
5k,5 k
gunungsari,gunung sari
akutuh,aku tuh
dimana,di mana
kekanan,ke kanan
monmaap,mon maap
didunia,di dunia
ustadzabdulsomad,ustadz abdul somad
satnite,sat nite
diwaktu,di waktu
matahati,mata hati
110cm,110 cm
kmn,k mn
kata2,kata-kata
ontheway,on the way
terimakasih,terima kasih
olshop,ol shop
kerumah,ke rumah
badmood,bad mood
proyek2,proyek-proyek
makasihh,terima kasih
follback,follow back
salalu,salalu
dmn,d mn
siapapun,siapa pun
sabeb,bebas
tubir,ribut
kadit,tidak
kane,enak
alig,gila
hujut hulup,tujuh puluh
eug,gue
takis,sikat
lolot,tolol
hacep,pecah
ogeb,bego
sam,mas
tikas,sakit
nyerap,menyerap
goblog,goblok
diklat,pendidikan kilat
50rb,50000
busui,ibu menyusui
2 kmh,2 kilometer per hour
sg,Singapura
pulkam,pulang kampung
drakor,drama korea
sosmed,sosial media
nambahin,menambahkan
cm,centimeter
dsb,dan sebagainya
galfok,gagal fokus
wagub,wakil gubernur
rsj,rumah sakit jiwa
ig,Instagram
bersihin,membersihkah
ngajarin,mengajarkan
kebayang,terbayang
nulis,menulis
ngebatin,membatin
dapetin,mendapatkan
ngelamar,melamar
nongkrong,menongkrong
mahasiswai,mahasiswa
kirain,saya kira
narik,tarik
nungguin,nunggu
lewatin,lewatkan
ngurusin,ngurus
diapain,diapakan
kebangun,terbangun
sekong,sakit
ngikutin,ngikuti
ngundang,mengundang
ngomongin,ngomong
ngaji,mengaji
ngomenin,mengomentari
nyusul,menyusul
dapetin,dapatkan
semangatin,menyemangati
nyemangatin,menyemangati
ngadu,mengadu
kcl,kecil
bls,balas
gblk,goblok
bsr,besar
tnpa,tanpa
gdg,gedung
tnggi,tinggi
tgl,tanggal
twt,tweet
200 rb,200 ribu
ttup,tutup
brngkt,berangkat
ak,aku
pmn,paman
sgala,segala
tnte,tante
lg,lagi
met,selamat
brani,berani
rp,rupiah
bnr,benar
kmu,kamu
kmna,kemana
prgi,pergi
dlem,dalem
masang,memasang
dalem,dalam
kk,kakak
skolah,sekolah
mah,mamah
cpk,capek
plg,paling
pah,papah
eug,gue
este,es teh
ga tau,enggak tahu
lum,belum
gni,begini
manggil,memanggil
nganggur,menganggur
ngilang,menghilang
ga punya,enggak punya
nda,ndak
nabrak,menabrak
ga jadi,enggak jadi
kluar,keluar
sam sek,sama sekali
btuh,butuh
prewed,pre-wedding
lama2,lama-lama
baperan,bawa perasaan
ngeteh,mengeteh
nyiapin,menyiapkan
nugas,menugas
dikit2,sedikit-sedikit
nyimpan,menyimpan
nyombong,menyombong
bngung,bingung
berkali2,berkali-kali
mahami,memahami
negri,negeri
emg,memg
tdur,tidur
layang2,layang-layang
klian,kalian
temani,temeni
terimakasi,terimakasih
yakan,iyakan
nitip,menitip
hilih,halah
dapet,dapat
anget,hangat
mikirnya,pikirnya
walopun,walaupun
walhamdulillah,alhamdulilah
waaaah,wah
sukak,suka
aqui,akui
que,kue
qaqa,kakak
baruu,baru
pegel,pegal
taik,tahi
sperti,seperti
selow,santai
kawanqu,kawanku
dapetin,dapat
cemilan,camilan
xtra,ekstra
maap,maaf
shopz,shops
berantem,berhantam
oalah,walah
wahh,wah
suroboyo,surabaya
dateng,datang
cieee,ciye
bersholawat,berselawat
sutera,sutra
deket,dekat
ketauan,ketahuan
koq,kok
openbooking,open booking
gaada,ga ada
dikosan,di kos
1007mb,1007 mb
dsni,d sni
samsek,sam sek
ditangan,di tangan
dipagi,di pagi
6kmh,6 kmh
hari2,hari-hari
diaplikasi,di aplikasi
diposisi,di posisi
terimakasih,terima kasih
dihari,di hari
didapur,di dapur
gaperlu,ga perlu
gausah,ga usah
22c,22 c
dipasaran,di pasaran
ibukota,ibu kota
kilab,balik
urab,baru
libom,mobil
rotom,motor
nakam,makan-makan
enam,mane
anam,mana
utas,satu
aud,dua
agit,tiga
sutup,putus
ucul,lucu
ledom,model
naracap,pacaran
kinap,panik
ngab,bangsat
ngalam,malang
arek,kera
ipok,kopi
edapes,sepeda
asaib,biasa
rudit,tidur
isilop,polisi
thankyou,terima kasih
terimakasih,terima kasih
betulin,betul
rasain,merasakan
nemuin,menemukan
ngeliat,melihat
ngecap,mengecap
ttpi,tetapi
jl,jalan
malem2,malem-malem
malem-malem,malam-malam
kmrn,kemarin
cwe,cewek
br,baru
kta,kita
bnyk,banyak
mgkn,mungkin
sndri,sendiri
pdhl,padahal
klau,kalau
brp,berapa
mkan,makan
mgkin,mungkin
hr,hari
ngab,bang
bc,because
nebus,menebus
ngundan,mengundang
knapa,kenapa
yuuk,ayo
hahahha,hahaha
iyaaaa,iya
nie,ini
pagii,pagi
ajaaa,saja
heheh,hahaha
adaa,ada
baek,baik
yha,iya
gilak,gila
iyah,iya
gass,gas
mo,mau
pagiii,pagi
ituu,itu
yo,ya
yeee,iya
teros,terus
hahhaha,hahaha
samaan,sama
akuuu,aku
waroeng,warung
aamiin,amin
amiin,amin
kedepannya,ke depan
insyallah,insya allah
ngepak,mengepak
ktemu,bertemu
ngotorin,mengotori
nganter,mengantar
ngepost,post
smg,semoga
lgsg,langsung
sk,suka
yg,yang
kykny,kayaknya
bnyak,banyak
bkp,bokap
utk,untuk
krna,karena
kmrn,kemarin
dr,dari
bsa,bisa
dlm,dalam
ngmg,ngomong
dng,dengan
ckp,cukup
pd,pada
msi,masih
udh,sudah
hy,hai
udah,sudah
begimane,bagaimana
takkan,tak akan
org2,orang-orang
lheue,lho
se,sih
kelen,kalian
lhok,lho
rumoh,rumah
akuu,aku
soleh,saleh
jugaa,juga
lahhh,lah
blom,belum
geesss,guys
hallo,halo
ea,iya
yaa,ya
qta,kita
ehehe,hehe
wkkw,hahaha
mantab,mantap
hohoho,hahaha
hihi,hahaha
teruss,terus
hehehe,hahaha
wkwkwkwk,hahaha
anjay,anjing
lahh,lah
lagiii,lagi
ahahaha,hahaha
iniii,ini
anjeng,anjing
gasss,gas
iii,ih
inii,ini
alhamdulillaah,alhamdulillah
bls,balas
disini,di sini
gamasalah,ga masalah
lo,kamu
gw,saya
bgt,banget
bokem,bocah kematian
mager,malas gerak
caper,cari perhatian
padimns,pada dimana
otw,dalam perjalanan
ciyus,serius
fomo,takut ketinggalan
lu,kamu
mingdep,minggu depan
dmn,dimana
bgt,banget
ovt,berpikir berlebihan
iklas,ikhlas
kmn,kemana
skripsi,skripsi
ngrjain,mengerjakan
gawe,kerja
gk,enggak
keburu,keburu
kalimat,kalimat
normalisasi,normalisasi
cegil, cewe gila
cogil, cowo gila
skena,keren
cuan,uang
flexing,pamer
cap,bohong
lemes,lemas
yapping,banyak bicara
pc,obrolan pribadi
serah,terserah
meninggoy,meninggal
hts,hubungan tanpa status
b aja, biasa saja
cringe,aneh
tgs,tugas
sori,maaf
kacang,cuek
kacangin,cuekin
ketiduran,ketiduran
kabs,kabar
noob,pemula
caw,pergi
mam,makan
chill,santai
duls,dulu
yudh,ya sudah
ege,bego
kea,kayak